Date,Navbahor,Xatirchi,Karmana,Paxtachi,Samarqand,Pastdargom,Toyloq,Urgut,Bulungur,Jomboy,Oqdaryo,Payariq,Ishtixon,Kattaqorgon,Narpay,Nurobod
2071-01-01,0.0,0.0,0.0,0.0,0.0,0.0,0.0,0.0,0.0,0.0,0.0,0.0,0.0,0.0,0.0,0.0
2071-02-01,0.0,0.0,0.0,0.0,0.0,0.0,0.0,0.0,0.0,0.0,0.0,0.0,0.0,0.0,0.0,0.0
2071-03-01,0.5259863698876752,0.5251617344205523,0.234272309674614,0.1582534363942223,0.1251052994608827,0.4949086570021477,0.2060668315723423,0.2268527993155091,0.1872253837119181,0.2543750080307361,0.4903731619329717,0.0972002242787772,0.4829801577138814,0.4789232457283036,0.2125866057342828,0.098719909639618
2071-04-01,2.2572767428616927,2.8886758486519057,1.1501751480556464,0.9765512260338648,0.3895102869768842,2.636098777519107,0.428661747066777,0.5448296856552652,0.6833534333742473,1.4182973830186147,1.6474503682482402,1.1287121087323262,1.3964674853854526,1.7785303049128678,1.245674094459891,0.4328416160820709
2071-05-01,4.3182419043753795,5.498955890161171,2.212765022968927,2.1063613865226065,1.2985043421489544,6.359361806812692,1.520261995859199,1.9495026459655516,1.8486323291725317,3.609880017937449,4.0294666352798325,3.4012008523954362,4.133950626380444,4.09145017540956,2.3283419005713277,1.0537258311957012
2071-06-01,3.126654672672543,4.8151359965122005,1.6163053352575925,1.6582056690707563,1.677792056310687,5.574761305231852,1.8625469254888445,2.528336511679702,2.330502443522013,3.0312719223765896,3.6395773791286845,3.3527805841313687,4.754983067644453,3.7894570300570423,1.8881128023645213,1.187562815842432
2071-07-01,5.583299442350653,6.362499633562509,3.714899701645513,5.135327095037409,2.2639615475583694,10.110067131757813,1.8989835958775863,2.9695774158459765,2.796511629565781,3.2866071044887244,4.735943744436314,5.537349628838669,6.969644231576771,7.123180987314333,7.012761766422538,1.759351385029008
2071-08-01,7.709219233627496,8.122135588377876,5.227456506673034,6.592511147493386,2.423009044213629,14.618495810818906,2.4507296699276746,3.1448444956449437,3.4943874045415884,5.180218910764136,7.368239213651206,8.09784738016551,8.906962742450299,9.984002289081008,9.126088166149117,1.8709370542898454
2071-09-01,5.0502117095338965,5.275646335978492,3.3032138598024705,3.9991516177993676,1.5931489289522691,9.749864292318698,1.7916875714342593,1.7858156845511,2.4362782747076395,3.982403209648881,5.244046410806979,5.1836915887808,5.6858019083185845,6.5484243135069375,5.721907225676125,1.1539842743286175
2071-10-01,2.0287694514882704,1.839768140194982,1.3084735193215622,1.576136268858264,0.4379880025166459,3.0426474414504097,0.4306759695987762,0.3928970095172941,0.6097162917420175,0.8308888010359936,1.6343323285261862,1.5403457203884172,1.702351517618652,2.2675920752620544,2.1954663306846003,0.3657998671969571
2071-11-01,0.1585019400068534,0.2088471710586225,0.0549033800780223,0.0896063079193225,0.0214955076567035,0.439692445685149,0.0124914867153201,0.0429771460138106,0.0562363477044888,0.0827689542262542,0.184556147756558,0.3693231759297044,0.2887156849069602,0.3751512645770379,0.2151718874401848,0.0184863885612399
2071-12-01,0.0,0.0,0.0,0.0,0.0,0.0,0.0,0.0,0.0,0.0,0.0,0.0,0.0,0.0,0.0,0.0
2072-01-01,0.0,0.0,0.0,0.0,0.0,0.0,0.0,0.0,0.0,0.0,0.0,0.0,0.0,0.0,0.0,0.0
2072-02-01,0.0,0.0,0.0,0.0,0.0,0.0,0.0,0.0,0.0,0.0,0.0,0.0,0.0,0.0,0.0,0.0
2072-03-01,0.5259863698876752,0.5251617344205523,0.234272309674614,0.1582534363942223,0.1251052994608827,0.4949086570021477,0.2060668315723423,0.2268527993155091,0.1872253837119181,0.2543750080307361,0.4903731619329717,0.0972002242787772,0.4829801577138814,0.4789232457283036,0.2125866057342828,0.098719909639618
2072-04-01,2.2572767428616927,2.8886758486519057,1.1501751480556464,0.9765512260338648,0.3895102869768842,2.636098777519107,0.428661747066777,0.5448296856552652,0.6833534333742473,1.4182973830186147,1.6474503682482402,1.1287121087323262,1.3964674853854526,1.7785303049128678,1.245674094459891,0.4328416160820709
2072-05-01,4.335562092041176,5.515022294967102,2.2246549111842304,2.121706987902558,1.2997788033728561,6.385573421031536,1.5210068924511955,1.9507985808183212,1.8519553167675675,3.6148040287531154,4.0400752768897705,3.4079220692300733,4.140752232343726,4.102157125464206,2.3394278214610247,1.0561531979659662
2072-06-01,3.4179171150609515,5.076405577863832,1.794294776118127,1.9708346466736577,1.69584554539801,5.970751506978477,1.8726711725079708,2.538970554909857,2.3756703343006467,3.0987206508690166,3.8015501827284806,3.536639502693183,4.923883127191398,4.058338908352409,2.278062865765139,1.2315113174612302
2072-07-01,6.0309600401525465,7.060774887834587,3.9363653176020095,5.6454324348650795,2.323384088363361,11.383664151348533,1.9368893136357888,3.0269081748260023,2.966226933115803,3.536851262832635,5.264757314565607,6.5178839671347495,7.720462002426717,8.053048455517592,7.7619399887139355,1.8412159022666619
2072-08-01,8.12716047739882,8.616755829293453,5.41505896635149,6.976017594263558,2.4631445745966225,15.44730784655202,2.482159092016775,3.189362433977183,3.6351698516315176,5.384696604590183,7.704510948779853,8.587755407122383,9.343972133400463,10.673055080576042,9.817337237241334,1.9408448052429503
2072-09-01,4.962268262267647,5.384549328674278,3.200428861581324,3.928939288685082,1.6051722735012277,9.917487650921949,1.7987799646673324,1.8055125047518534,2.468340441213469,4.028559962332551,5.320409021500647,5.398404266966688,5.824410638150791,6.670359144232722,5.692645779582904,1.1475980895407392
2072-10-01,2.280970939565469,2.243224887387794,1.4135387335728336,1.7682933128501666,0.4947809624645322,4.122311910151002,0.4727019528728956,0.4747640760669901,0.7984175459342091,1.1042680782231797,2.0826585675684184,2.260424545720036,2.244713010035861,2.9087296939608276,2.5905162149426126,0.4159710271729482
2072-11-01,0.0357836369580857,0.0342013012268111,0.02012519737516,0.0315725643101371,0.002789047594386,0.0691757325836913,0.001276965643905,0.0009054452022029,0.0056963585226088,0.0087230507568178,0.0277516906416911,0.0381447051727238,0.0367116751824326,0.0587820415950098,0.0527058650069788,0.004963672014972
2072-12-01,0.0,0.0,0.0,0.0,0.0,0.0,0.0,0.0,0.0,0.0,0.0,0.0,0.0,0.0,0.0,0.0
2073-01-01,0.0,0.0,0.0,0.0,0.0,0.0,0.0,0.0,0.0,0.0,0.0,0.0,0.0,0.0,0.0,0.0
2073-02-01,0.0,0.0,0.0,0.0,0.0,0.0,0.0,0.0,0.0,0.0,0.0,0.0,0.0,0.0,0.0,0.0
2073-03-01,0.5259863698876752,0.5251617344205523,0.234272309674614,0.1582534363942223,0.1251052994608827,0.4949086570021477,0.2060668315723423,0.2268527993155091,0.1872253837119181,0.2543750080307361,0.4903731619329717,0.0972002242787772,0.4829801577138814,0.4789232457283036,0.2125866057342828,0.098719909639618
2073-04-01,2.2572767428616927,2.8886758486519057,1.1501751480556464,0.9765512260338648,0.3895102869768842,2.636098777519107,0.428661747066777,0.5448296856552652,0.6833534333742473,1.4182973830186147,1.6474503682482402,1.1287121087323262,1.3964674853854526,1.7785303049128678,1.245674094459891,0.4328416160820709
2073-05-01,4.367536001959888,5.517563761840276,2.2479556877871874,2.1305045997232157,1.2990255664081938,6.373442122475281,1.5203460067617658,1.9496404831352385,1.8490077612644544,3.610563045089568,4.034995968750367,3.405217384982851,4.139688150734752,4.104312698256896,2.3312853213204776,1.0560900066434051
2073-06-01,3.5694891723053925,5.100219679730847,1.853806823854784,1.8928581158471003,1.6779974193703118,5.678636656642612,1.8588485792667007,2.5228096537026703,2.313993519402312,3.0092344550279098,3.6686795601792306,3.3915225509871654,4.835907186746348,4.007327348967349,2.143019805559603,1.2158545601825104
2073-07-01,5.608325649971522,6.730064615588439,3.675558070764418,5.193984411211299,2.245653087740042,10.096805676893855,1.8705543146806265,2.874473968075712,2.6684431419773595,3.10953148851845,4.69928054137939,5.817511589237682,7.259291960955416,7.68924554952031,7.1607760073065805,1.7677115931412941
2073-08-01,7.771594924231534,8.38381940735486,5.215432141219229,6.750224630110679,2.407883118475735,14.615729190831209,2.450173351845289,3.091597104736908,3.4913576914208218,5.175818968065844,7.3357994708290075,8.0324357411145,8.977139055892962,10.366074859750778,9.525133492253126,1.9008523467980387
2073-09-01,5.570691000505024,5.850613228963849,3.5662847749068987,4.4172026645659415,1.6341190877629521,10.64109530165862,1.8132335665149337,1.835748787603102,2.5334995931418836,4.126533433902953,5.608726263629626,5.894538366901925,6.268793233440589,7.367792498164885,6.37381866102297,1.2172528283671566
2073-10-01,2.2100413542127413,1.9915601978214472,1.4109227119145766,1.6567159680840486,0.43838603242841867,3.0281917517656605,0.4444070793666631,0.3793850432035418,0.6710105344991445,0.9147947340761342,1.5970635931519674,1.619514277389618,1.8105273223565246,2.5348656875098663,2.3628316496099786,0.3933489780571823
2073-11-01,0.4676655344662057,0.4024077857536714,0.2344406884887778,0.2366013997092063,0.0260186902005919,0.497438033718497,0.0230133840827377,0.0174597597115073,0.1027122601731992,0.1486358936867511,0.2093194697469074,0.3149870625610711,0.275822632473308,0.4359620128278834,0.2794515723756246,0.0312800077539667
2073-12-01,0.0,0.0,0.0,0.0,0.0,0.0,0.0,0.0,0.0,0.0,0.0,0.0,0.0,0.0,0.0,0.0
2074-01-01,0.0,0.0,0.0,0.0,0.0,0.0,0.0,0.0,0.0,0.0,0.0,0.0,0.0,0.0,0.0,0.0
2074-02-01,0.0,0.0,0.0,0.0,0.0,0.0,0.0,0.0,0.0,0.0,0.0,0.0,0.0,0.0,0.0,0.0
2074-03-01,0.5259863698876752,0.5251617344205523,0.234272309674614,0.1582534363942223,0.1251052994608827,0.4949086570021477,0.2060668315723423,0.2268527993155091,0.1872253837119181,0.2543750080307361,0.4903731619329717,0.0972002242787772,0.4829801577138814,0.4789232457283036,0.2125866057342828,0.098719909639618
2074-04-01,2.2572767428616927,2.8886758486519057,1.1501751480556464,0.9765512260338648,0.3895102869768842,2.636098777519107,0.428661747066777,0.5448296856552652,0.6833534333742473,1.4182973830186147,1.6474503682482402,1.1287121087323262,1.3964674853854526,1.7785303049128678,1.245674094459891,0.4328416160820709
2074-05-01,4.340025275163966,5.517410286564039,2.231687926915442,2.1266570075221582,1.299899789886399,6.388799588408217,1.5210927702628627,1.9511405110303288,1.8523576029609334,3.6153668191969377,4.04113239210853,3.4178615423156424,4.149296379654384,4.11603390133996,2.338805829146324,1.0566231575757388
2074-06-01,3.375049032880185,4.881527190761612,1.7420457413079873,1.726457922853284,1.6734930280107518,5.476610253811776,1.8567464400994382,2.528044514200085,2.304667226172451,2.993925639799084,3.590793999937484,3.323548036253235,4.75105673108633,3.832528210069405,1.9909903230655173,1.1971987340195114
2074-07-01,5.221220544458983,5.956912079098885,3.4771526972099394,4.699250298096217,2.2013349206022172,8.767059185016624,1.8531117814838933,2.8567694941055257,2.590339345288882,2.986379150243117,4.184441068047212,4.958521432468661,6.450707721849943,6.331462609058704,6.286958729722119,1.6714424234445209
2074-08-01,7.859295548799911,8.238706156670279,5.270036165825631,6.685873561856441,2.4015318385430477,14.535067125160127,2.445011321681279,3.0759809497956385,3.4680837958200534,5.143334976075193,7.317890392498745,7.786492275307848,8.737359357613368,9.89917914911026,9.311760811677596,1.881094046157379
2074-09-01,5.204696933386561,5.545820173685396,3.3715177916980585,4.158757026068669,1.6274375614615744,10.322070859948045,1.8045300329293321,1.834295501827196,2.494542582516699,4.069118805387074,5.488796528023264,5.5634173633495525,6.001537165619151,6.980421251341283,5.983718435731986,1.1829624299219093
2074-10-01,2.0781167023154796,2.1184431927934924,1.2725200867380146,1.6277736765436757,0.46491745927617417,3.6126254582293593,0.46187014440106744,0.4099368375777375,0.7491947267889556,1.0306638691185965,1.8604462274622844,1.861315978228463,1.972208879351938,2.6644333650309515,2.4378794260022523,0.3911689207031078
2074-11-01,0.0711616522776789,0.2498345749428543,0.0005606813265638,0.0345450681985985,0.0162966185401164,0.366652917478697,0.0109195494961319,0.0115057198872407,0.0488224666243943,0.0723462217502178,0.1610928989391601,0.2848745736722231,0.2215237979243358,0.2787279973341027,0.0381286236182799,0.004257755016364
2074-12-01,0.0,0.0,0.0,0.0,0.0,0.0,0.0,0.0,0.0,0.0,0.0,0.0,0.0,0.0,0.0,0.0
2075-01-01,0.0,0.0,0.0,0.0,0.0,0.0,0.0,0.0,0.0,0.0,0.0,0.0,0.0,0.0,0.0,0.0
2075-02-01,0.0,0.0,0.0,0.0,0.0,0.0,0.0,0.0,0.0,0.0,0.0,0.0,0.0,0.0,0.0,0.0
2075-03-01,0.5259863698876752,0.5251617344205523,0.234272309674614,0.1582534363942223,0.1251052994608827,0.4949086570021477,0.2060668315723423,0.2268527993155091,0.1872253837119181,0.2543750080307361,0.4903731619329717,0.0972002242787772,0.4829801577138814,0.4789232457283036,0.2125866057342828,0.098719909639618
2075-04-01,2.2572767428616927,2.8886758486519057,1.1501751480556464,0.9765512260338648,0.3895102869768842,2.636098777519107,0.428661747066777,0.5448296856552652,0.6833534333742473,1.4182973830186147,1.6474503682482402,1.1287121087323262,1.3964674853854526,1.7785303049128678,1.245674094459891,0.4328416160820709
2075-05-01,4.3434579830642335,5.5116651502862695,2.235026061813249,2.1262865942353857,1.2996698316398414,6.383525468080055,1.520907946279302,1.9510254494198922,1.8515320665468358,3.6141479035539903,4.038596255396399,3.416249325245562,4.148495506710826,4.116417492350233,2.3384852637843037,1.0565364009334037
2075-06-01,3.3974448826611514,4.836480635346393,1.7819080196540686,1.7892397430094364,1.6761399600260476,5.54795673191161,1.8584005206931176,2.5260735345006076,2.3119957465837855,3.004956841945448,3.6176489043557316,3.336579453761089,4.785369733994562,3.9324845547073664,2.1122882375983743,1.208904388783254
2075-07-01,5.428331560960962,6.1600910033297005,3.6500604523541957,5.028389834893583,2.235211424170638,9.543113509799966,1.868594054749078,2.920009150348761,2.659392662524576,3.0909841811842274,4.481697548766165,5.405470583476651,6.933695830390746,7.259016148416668,6.967426559111464,1.7520482665992128
2075-08-01,8.509013638803378,8.839698016414596,5.655657586204215,7.2620471954340875,2.4735590848914994,15.643807421327615,2.494708453161105,3.1886124084221716,3.690632057023281,5.464045984873234,7.76087175348672,8.523108271021345,9.440098469647715,11.141615170100478,10.300014675420671,1.9929271232099868
2075-09-01,5.232195805828135,5.553692609466854,3.3921015815340634,4.198412441971592,1.632963272470142,10.608837656078942,1.8117904411170835,1.81329570722085,2.5267265912553007,4.117375926135837,5.601136995911064,5.654053263643202,6.071919273644504,7.051774323235519,6.114638550241407,1.1954688995583513
2075-10-01,1.9830108092503549,1.96737920709555,1.2529852298391346,1.5481299585864616,0.4729911931353692,3.6366896112294156,0.4584891781576864,0.4547588947180212,0.7341769243887466,1.0102701823310485,1.878655739431105,1.9444315828799388,1.989535449090778,2.569638176331094,2.288795836444061,0.38635352681541246
2075-11-01,0.1277686210855941,0.0968581060857622,0.0845246801518225,0.124113282219319,0.014894147257699,0.2839847345353659,0.0089219567655716,0.0171679814208332,0.0399404876763497,0.0587125810609753,0.1180897110342122,0.1188481606425432,0.1029437271380963,0.1446778156642506,0.1660888233921528,0.021566927362494
2075-12-01,0.0,0.0,0.0,0.0,0.0,0.0,0.0,0.0,0.0,0.0,0.0,0.0,0.0,0.0,0.0,0.0
2076-01-01,0.0,0.0,0.0,0.0,0.0,0.0,0.0,0.0,0.0,0.0,0.0,0.0,0.0,0.0,0.0,0.0
2076-02-01,0.0,0.0,0.0,0.0,0.0,0.0,0.0,0.0,0.0,0.0,0.0,0.0,0.0,0.0,0.0,0.0
2076-03-01,0.5259863698876752,0.5251617344205523,0.234272309674614,0.1582534363942223,0.1251052994608827,0.4949086570021477,0.2060668315723423,0.2268527993155091,0.1872253837119181,0.2543750080307361,0.4903731619329717,0.0972002242787772,0.4829801577138814,0.4789232457283036,0.2125866057342828,0.098719909639618
2076-04-01,2.2572767428616927,2.8886758486519057,1.1501751480556464,0.9765512260338648,0.3895102869768842,2.636098777519107,0.428661747066777,0.5448296856552652,0.6833534333742473,1.4182973830186147,1.6474503682482402,1.1287121087323262,1.3964674853854526,1.7785303049128678,1.245674094459891,0.4328416160820709
2076-05-01,4.326961521595835,5.510412299308625,2.2291626444929746,2.127792751038753,1.2998199627594627,6.389403260348354,1.5211095724482444,1.9504973068496942,1.852438543869235,3.615500827422601,4.042150125832204,3.4148433696899265,4.144944024643025,4.105272079145156,2.3294170013126028,1.0561332546510451
2076-06-01,3.5161951230417525,5.167847130679808,1.834043346454954,1.9709264895271206,1.713164402938048,6.398352492576677,1.8895741627675262,2.5452676974056487,2.451517755815271,3.208708222370051,3.9830058292486075,3.8199739230028884,5.12114347509326,4.243511494539346,2.351336224328857,1.2363967020409232
2076-07-01,6.275220284265549,7.215572412114151,4.070345507803191,5.670867832981239,2.3417731699689037,11.823942333194463,1.9561670071246215,3.0429535975341206,3.053874443867419,3.6612313698329304,5.435748778607682,6.9002431837984775,8.055979048110233,8.587781637196848,7.9574014504567865,1.8543911246685743
2076-08-01,7.8490448536534885,8.303069286125723,5.251916164389179,6.671250466830175,2.420366053859228,14.661132218171003,2.464473851560995,3.1346191093279145,3.5560245108802597,5.265472001677983,7.3739381101769315,8.137201167955517,8.977864721882485,10.182704218343627,9.370954440666974,1.8833380478110637
2076-09-01,4.656606331453812,5.062773495600984,3.0301277172452914,3.6433353321599595,1.576436787655799,9.305702581163985,1.7833816988794866,1.758829786577276,2.3995341455958656,3.9258430350653706,5.069574918742676,5.1252232883810755,5.552534729365892,6.20224660441794,5.252747291759734,1.1049098145530851
2076-10-01,1.691898054257437,1.7698509438039884,1.0830362035095504,1.3087710140584825,0.4467054290882267,3.104202635712548,0.4426559194302109,0.4225644168933319,0.6639153368239674,0.9057616289802972,1.6584042483655397,1.820619379651644,1.8601412260931651,2.3460929942926008,1.938165048751878,0.34550343652975757
2076-11-01,0.0,0.0,0.0,0.0,1.5275468074988364e-06,0.0,0.0,0.0269721438103945,0.0004216784490868,0.0,0.0,0.0,0.0,0.0,0.0,0.0
2076-12-01,0.0,0.0,0.0,0.0,0.0,0.0,0.0,0.0,0.0,0.0,0.0,0.0,0.0,0.0,0.0,0.0
2077-01-01,0.0,0.0,0.0,0.0,0.0,0.0,0.0,0.0,0.0,0.0,0.0,0.0,0.0,0.0,0.0,0.0
2077-02-01,0.0,0.0,0.0,0.0,0.0,0.0,0.0,0.0,0.0,0.0,0.0,0.0,0.0,0.0,0.0,0.0
2077-03-01,0.5259863698876752,0.5251617344205523,0.234272309674614,0.1582534363942223,0.1251052994608827,0.4949086570021477,0.2060668315723423,0.2268527993155091,0.1872253837119181,0.2543750080307361,0.4903731619329717,0.0972002242787772,0.4829801577138814,0.4789232457283036,0.2125866057342828,0.098719909639618
2077-04-01,2.2572767428616927,2.8886758486519057,1.1501751480556464,0.9765512260338648,0.3895102869768842,2.636098777519107,0.428661747066777,0.5448296856552652,0.6833534333742473,1.4182973830186147,1.6474503682482402,1.1287121087323262,1.3964674853854526,1.7785303049128678,1.245674094459891,0.4328416160820709
2077-05-01,4.359627051921589,5.526240461988543,2.240417391357369,2.1327264981236578,1.2990469865204368,6.373140167399713,1.5206596474350085,1.9501544586096278,1.8504175011287554,3.6124751838975406,4.033995115554287,3.408972672888587,4.145374941912065,4.120014090600571,2.3469550841344384,1.0569970147555807
2077-06-01,3.6838626989367245,5.152151587308108,1.9436754240282306,2.0525643817546224,1.7005922506953453,6.147517140535145,1.877452325688474,2.5424198208055264,2.3970944657697144,3.1303821495767323,3.8715597418443544,3.6452426031408,5.01708780836931,4.188017577770156,2.40573164997431,1.2439059424099372
2077-07-01,6.145255501649939,7.082791157241305,3.9759280032025193,5.557891115101521,2.3264972964571893,11.350823727780906,1.9416331153228388,3.0384167191991525,2.9874745942741487,3.565436664594459,5.238230885588788,6.5502774509244395,7.7966779711152885,8.286728317654102,7.7869320715482795,1.8384695215661964
2077-08-01,8.179860235932995,8.597562107344185,5.454077742953213,6.978241300516125,2.4500118959789883,15.306634697862753,2.4752720741339482,3.1730003547414602,3.604492471745673,5.340375071667692,7.647280553572569,8.521874649816812,9.280569183285163,10.569857600311623,9.763744767138636,1.9295471946726974
2077-09-01,4.9653640450855105,5.356945309955309,3.208136558474797,3.9342396591951125,1.608754287400855,9.988504034629628,1.8007514198985057,1.8339261791602055,2.47745994704331,4.041772530555079,5.3546144748509965,5.344837824345001,5.784912956465643,6.606391380278923,5.68107862960859,1.1460778853889173
2077-10-01,1.2310740904428343,1.2379519592937016,0.8368466173514768,0.9083340556672627,0.40297179798130456,2.1658750472923085,0.4218585565992723,0.3486189965188945,0.570381300235785,0.7656682500653522,1.2734437639015093,1.1282884387934162,1.2858027359877502,1.5493437651432385,1.3274004502708838,0.2800945449099415
2077-11-01,0.0,0.0,0.0,0.0,0.0,0.0,0.0,0.0,0.0,0.0,0.0,0.0,0.0,0.0,0.0,0.0
2077-12-01,0.0,0.0,0.0,0.0,0.0,0.0,0.0,0.0,0.0,0.0,0.0,0.0,0.0,0.0,0.0,0.0
2078-01-01,0.0,0.0,0.0,0.0,0.0,0.0,0.0,0.0,0.0,0.0,0.0,0.0,0.0,0.0,0.0,0.0
2078-02-01,0.0,0.0,0.0,0.0,0.0,0.0,0.0,0.0,0.0,0.0,0.0,0.0,0.0,0.0,0.0,0.0
2078-03-01,0.5259863698876752,0.5251617344205523,0.234272309674614,0.1582534363942223,0.1251052994608827,0.4949086570021477,0.2060668315723423,0.2268527993155091,0.1872253837119181,0.2543750080307361,0.4903731619329717,0.0972002242787772,0.4829801577138814,0.4789232457283036,0.2125866057342828,0.098719909639618
2078-04-01,2.2572767428616927,2.8886758486519057,1.1501751480556464,0.9765512260338648,0.3895102869768842,2.636098777519107,0.428661747066777,0.5448296856552652,0.6833534333742473,1.4182973830186147,1.6474503682482402,1.1287121087323262,1.3964674853854526,1.7785303049128678,1.245674094459891,0.4328416160820709
2078-05-01,4.369746107002252,5.541553971307672,2.2419823531972023,2.1436871955671664,1.3002262042443749,6.400042961278764,1.5213466698727092,1.9511511709676872,1.8534724138142293,3.617076200464355,4.045801037058858,3.420638075871035,4.153129286900629,4.124633071795673,2.3677036421252713,1.0583445819659232
2078-06-01,3.8530883916760077,5.47480654706023,2.0350234933427407,2.2811834205249797,1.703836845071021,6.0976903055569895,1.8877147210669842,2.5501095466596966,2.4428773849999055,3.1925174763261683,3.8242101481576483,3.704211615744927,5.154710806166542,4.619660032938057,2.7379662850742976,1.2808347991167024
2078-07-01,6.752224402012292,7.842389636580695,4.429947101920956,6.41010639185656,2.3781115900272787,12.113480820389578,1.9931149997596838,3.1509552970171573,3.2184952741943533,3.8922976804442864,5.514981463387354,7.31657381342245,8.514656651081268,9.565634144514794,8.878848634559901,1.979356004750894
2078-08-01,8.310065898121778,8.924474892586588,5.503487184038672,7.2360545924173945,2.4985422997637654,16.210668937361973,2.5128249263032054,3.2614811612168464,3.773048039879594,5.583427997434256,8.006197398570777,9.02503779524456,9.725683617199227,11.252138804315397,10.384726036663025,1.9990409906716557
2078-09-01,5.3333969089329285,5.758428942601546,3.4197745400406716,4.308257128041764,1.6515717205551013,10.9260835699236,1.8236397114634864,1.841177205443729,2.579166595150501,4.194590503558711,5.732124114922046,5.904807607545235,6.274366093454711,7.3419078654922325,6.3339172881581804,1.21731545150542
2078-10-01,2.085492122823483,2.010249576647187,1.3146144180763524,1.4641657148603269,0.4428119830317831,3.2278754266978003,0.4514565287977395,0.31713503638500934,0.7012699249102599,0.961403444949479,1.697783838051962,1.7919351641836094,1.88994116180559,2.5110949218457845,2.0118420597732776,0.3566541267490968
2078-11-01,0.1643324899492028,0.0984728420458867,0.0727838075175723,0.0166287824497466,0.0,0.0,0.0,0.0,0.0,0.0,0.0,0.018087178544546,0.0353023093411956,0.1045470022492222,0.0058290356973901,0.0
2078-12-01,0.0,0.0,0.0,0.0,0.0,0.0,0.0,0.0,0.0,0.0,0.0,0.0,0.0,0.0,0.0,0.0
2079-01-01,0.0,0.0,0.0,0.0,0.0,0.0,0.0,0.0,0.0,0.0,0.0,0.0,0.0,0.0,0.0,0.0
2079-02-01,0.0,0.0,0.0,0.0,0.0,0.0,0.0,0.0,0.0,0.0,0.0,0.0,0.0,0.0,0.0,0.0
2079-03-01,0.5259863698876752,0.5251617344205523,0.234272309674614,0.1582534363942223,0.1251052994608827,0.4949086570021477,0.2060668315723423,0.2268527993155091,0.1872253837119181,0.2543750080307361,0.4903731619329717,0.0972002242787772,0.4829801577138814,0.4789232457283036,0.2125866057342828,0.098719909639618
2079-04-01,2.2572767428616927,2.8886758486519057,1.1501751480556464,0.9765512260338648,0.3895102869768842,2.636098777519107,0.428661747066777,0.5448296856552652,0.6833534333742473,1.4182973830186147,1.6474503682482402,1.1287121087323262,1.3964674853854526,1.7785303049128678,1.245674094459891,0.4328416160820709
2079-05-01,4.329682186697941,5.510472625429711,2.221179944329452,2.1151477417392215,1.2996838735514955,6.388619634879006,1.521064766657652,1.950612651652347,1.852225182951204,3.615198446365603,4.041301622497656,3.413633411528662,4.145283147831467,4.108485840112413,2.3348180870035584,1.0553259338887577
2079-06-01,3.347250664349754,5.081794117041079,1.7455124053534508,1.8890422599674124,1.7136916831628413,6.3885177793227665,1.8865367042099688,2.5515019485072465,2.43768723599615,3.189786514434079,3.979004236376526,3.731364077612186,5.0798544303189646,4.249979609486362,2.247839509429101,1.230150575367368
2079-07-01,6.433222593401464,7.641155883467873,4.145341694933797,5.978684360482842,2.4157343066258545,13.20245672447993,2.001209913557781,3.1453529974434185,3.2548700813048193,3.9567976651701207,6.003193488913873,7.626835932214279,8.679780266444446,9.492374050653794,8.58852398722632,1.9388080132549494
2079-08-01,8.608238292903469,8.913203490560974,5.725054470480688,7.411476765436369,2.5151092702124505,16.70706842510001,2.520348566465983,3.2609017823093644,3.8066044782919244,5.6360852533656915,8.212552457609442,9.140200374623259,9.836843320404494,11.393202791944855,10.628707480071725,2.0304183287723725
2079-09-01,5.4148379892579515,5.711830031679429,3.4855180477600185,4.363874240014011,1.6716225158161064,11.320525691806841,1.8359071675566978,1.8249612305562133,2.633479173357325,4.275426793018041,5.898160303362927,5.895325201143712,6.271799590774727,7.303438375774433,6.436560612020885,1.233477911442554
2079-10-01,0.5623581478683998,0.5966873731766489,0.49057422509489657,0.4503131125811941,0.3460527683587717,1.1385823835115878,0.3744316068379434,0.2755924354607793,0.3576729199687684,0.4595642104488212,0.8492314142638367,0.4201243923556288,0.6825598387165912,0.6298467111407435,0.6259132053645935,0.2031683624740861
2079-11-01,0.0,0.0,0.0,0.0,0.0,0.0,0.0,0.0,0.0,0.0,0.0,0.0,0.0,0.0,0.0,0.0
2079-12-01,0.0,0.0,0.0,0.0,0.0,0.0,0.0,0.0,0.0,0.0,0.0,0.0,0.0,0.0,0.0,0.0
2080-01-01,0.0,0.0,0.0,0.0,0.0,0.0,0.0,0.0,0.0,0.0,0.0,0.0,0.0,0.0,0.0,0.0
2080-02-01,0.0,0.0,0.0,0.0,0.0,0.0,0.0,0.0,0.0,0.0,0.0,0.0,0.0,0.0,0.0,0.0
2080-03-01,0.5259863698876752,0.5251617344205523,0.234272309674614,0.1582534363942223,0.1251052994608827,0.4949086570021477,0.2060668315723423,0.2268527993155091,0.1872253837119181,0.2543750080307361,0.4903731619329717,0.0972002242787772,0.4829801577138814,0.4789232457283036,0.2125866057342828,0.098719909639618
2080-04-01,2.2572767428616927,2.8886758486519057,1.1501751480556464,0.9765512260338648,0.3895102869768842,2.636098777519107,0.428661747066777,0.5448296856552652,0.6833534333742473,1.4182973830186147,1.6474503682482402,1.1287121087323262,1.3964674853854526,1.7785303049128678,1.245674094459891,0.4328416160820709
2080-05-01,4.396949056662597,5.539382556271712,2.2626840578796172,2.169911605120134,1.2999219822412875,6.3998675394782705,1.5209434175904624,1.9499547267126414,1.851675187003904,3.6145891671549486,4.046118398610663,3.416789787138364,4.1491082377231425,4.1157894305593015,2.396609143999212,1.061378631049616
2080-06-01,3.967844622781519,5.673309925308432,2.033561880983287,2.4865045739893445,1.730154921808751,6.963935507715332,1.8863108077045891,2.5466987711978906,2.436593126664966,3.1944761870985974,4.185594563657735,4.100065744671508,5.476765421161039,4.988548010474028,3.3404256559961025,1.3153598707610268
2080-07-01,6.678952990615882,7.840297112376998,4.213892806150174,6.346056525016007,2.38155514540898,12.743228519504079,1.9641144449274037,3.090559018736526,3.088230917252644,3.720875383921218,5.790161425904652,7.467254297575737,8.61420606837532,9.524677367132877,9.315236586508478,1.9693845810928154
2080-08-01,8.323048638764291,8.897093012311034,5.490620882742292,7.147241305194655,2.4764675459395784,15.937350468421679,2.4943929337243436,3.2153864123318563,3.6901948115681558,5.465866720949984,7.888936355449546,8.890268347158877,9.643995667455254,11.19633345354459,10.253591670194403,1.9750191695444204
2080-09-01,5.193146412038263,5.7137180288445055,3.3270314213423426,4.2589634657626085,1.6624360536317366,11.201668151034992,1.8370329218779,1.8733719973218128,2.64012060582578,4.281126428822827,5.855082109085201,6.03152255744092,6.346501134818156,7.366911760752839,6.3651015953155,1.212796320798481
2080-10-01,1.7856891171080669,1.799577984842639,1.134022453113642,1.4149022772218771,0.4581267558789739,3.228759680227649,0.4590809836306775,0.4685302420337996,0.7376093629087621,1.0089158745842277,1.7083794874269604,1.7878005290036016,1.8405536955864774,2.341699168038086,2.140888696383772,0.3640946633819986
2080-11-01,0.0,0.0,0.0,0.0,6.243296894203646e-07,0.0,0.0,0.011023891435263,0.0002899809086902,0.0,0.0,0.0,0.0,0.0,0.0,0.0
2080-12-01,0.0,0.0,0.0,0.0,0.0,0.0,0.0,0.0,0.0,0.0,0.0,0.0,0.0,0.0,0.0,0.0
2081-01-01,0.0,0.0,0.0,0.0,0.0,0.0,0.0,0.0,0.0,0.0,0.0,0.0,0.0,0.0,0.0,0.0
2081-02-01,0.0,0.0,0.0,0.0,0.0,0.0,0.0,0.0,0.0,0.0,0.0,0.0,0.0,0.0,0.0,0.0
2081-03-01,0.5259863698876752,0.5251617344205523,0.234272309674614,0.1582534363942223,0.1251052994608827,0.4949086570021477,0.2060668315723423,0.2268527993155091,0.1872253837119181,0.2543750080307361,0.4903731619329717,0.0972002242787772,0.4829801577138814,0.4789232457283036,0.2125866057342828,0.098719909639618
2081-04-01,2.2572767428616927,2.8886758486519057,1.1501751480556464,0.9765512260338648,0.3895102869768842,2.636098777519107,0.428661747066777,0.5448296856552652,0.6833534333742473,1.4182973830186147,1.6474503682482402,1.1287121087323262,1.3964674853854526,1.7785303049128678,1.245674094459891,0.4328416160820709
2081-05-01,4.394595757369016,5.53658617071032,2.260991563181737,2.1466860176954157,1.300825039570646,6.419389976804404,1.5214381484499293,1.9507793296408467,1.8538852999041429,3.6179042061127804,4.054681254355547,3.42496396743934,4.154656236692211,4.120081211249941,2.353388588448157,1.0583681333077777
2081-06-01,3.8560670598686455,5.620001379081995,1.9837840740647816,2.3138048446982986,1.740228020261505,7.038379081395336,1.900865227783197,2.5642547222950083,2.5017844772410527,3.2860491069160425,4.235540633376337,4.115186580787711,5.424798284588757,4.782718482991244,2.9378250620444764,1.2907910936500977
2081-07-01,6.270512869528532,7.608344913385496,4.00514414163081,5.886924290919337,2.391482441717938,12.67033394668422,1.9724819201168815,3.1210107717537943,3.1262838936087043,3.772282743584806,5.776839661855302,7.372671829976028,8.47219885311088,9.210246298491862,8.500564148329666,1.9159463525195197
2081-08-01,7.486144439987697,8.267480241307464,5.003392731995219,6.482373415601661,2.4271114285581086,14.707135216570231,2.4593006545841276,3.1832070596570974,3.533266715055973,5.234181036876026,7.398858283786,8.182539702809265,8.999778398985338,10.195743100679154,9.20027379703647,1.8690534361485907
2081-09-01,4.97500793555868,5.454918124326165,3.221059944341868,4.037021186959062,1.6061116980983987,10.01783360638993,1.7994781895819882,1.784990709258023,2.471514673599426,4.034070605518225,5.3607283592471635,5.462532001598929,5.894287156266013,6.811605518125791,5.848747396266619,1.1604890784398874
2081-10-01,1.7337943754461187,1.6648817958100839,1.1214736949688788,1.302997324447079,0.4216767903542509,2.6280841120532856,0.4278681357522942,0.4049337221879271,0.5974383958307572,0.8082524040472145,1.4560417215571544,1.4251112585470622,1.5637591786609608,1.9972389624224185,1.8272010069391371,0.3316088791916991
2081-11-01,0.0,0.0,0.0,0.0,0.0,0.0,0.0,0.0,0.0,0.0,0.0,0.0,0.0,0.0,0.0,0.0
2081-12-01,0.0,0.0,0.0,0.0,0.0,0.0,0.0,0.0,0.0,0.0,0.0,0.0,0.0,0.0,0.0,0.0
2082-01-01,0.0,0.0,0.0,0.0,0.0,0.0,0.0,0.0,0.0,0.0,0.0,0.0,0.0,0.0,0.0,0.0
2082-02-01,0.0,0.0,0.0,0.0,0.0,0.0,0.0,0.0,0.0,0.0,0.0,0.0,0.0,0.0,0.0,0.0
2082-03-01,0.5259863698876752,0.5251617344205523,0.234272309674614,0.1582534363942223,0.1251052994608827,0.4949086570021477,0.2060668315723423,0.2268527993155091,0.1872253837119181,0.2543750080307361,0.4903731619329717,0.0972002242787772,0.4829801577138814,0.4789232457283036,0.2125866057342828,0.098719909639618
2082-04-01,2.2572767428616927,2.8886758486519057,1.1501751480556464,0.9765512260338648,0.3895102869768842,2.636098777519107,0.428661747066777,0.5448296856552652,0.6833534333742473,1.4182973830186147,1.6474503682482402,1.1287121087323262,1.3964674853854526,1.7785303049128678,1.245674094459891,0.4328416160820709
2082-05-01,4.315937864993993,5.503033674253073,2.2107734384665645,2.100238099504829,1.2988188061427373,6.364962315494525,1.5204785572766033,1.950453797331228,1.8496078371854785,3.6112839557462055,4.03161414808135,3.40600689063813,4.138292060223242,4.098610027773966,2.3194649629589317,1.0533840648829296
2082-06-01,3.1508883400942174,4.779243151454167,1.6286997230243696,1.6492562663910868,1.6726012203679415,5.445572808021927,1.8570843501354493,2.5249791970585553,2.3061174483996583,2.9958447055616197,3.5849299600595277,3.32511610700459,4.730812265006632,3.760979742749107,1.873261133693251,1.1850338615211864
2082-07-01,5.576002240116664,6.307007546426517,3.698263716045949,5.043276462135237,2.2324180342668427,9.586564369134848,1.866587133492375,2.9226169236324946,2.6514296845559073,3.0795042411269167,4.513736346998481,5.433240275960399,6.8583202046664065,6.925081925365786,6.79348159710532,1.7314685765293292
2082-08-01,8.467396495450867,8.667417430059908,5.715306304583718,7.2760802330955805,2.457307280544973,15.365847747028692,2.4829768046776834,3.1751352997275912,3.638547493398882,5.388662946516773,7.6673262421995965,8.56651633903125,9.376373669724881,10.842764740380908,10.038881564387843,1.9697518495068214
2082-09-01,5.623910575949344,5.844004543007354,3.6063538112344045,4.487968012477969,1.6655855120269731,11.3443425961134,1.8321397498254965,1.861700591141655,2.617356495680571,4.252332049785106,5.905895320794196,6.0034912083193195,6.354989541232527,7.407154867367606,6.552055092171472,1.2453825325995793
2082-10-01,0.8737247461068449,0.9470605625890223,0.6554378799104317,0.713446057501281,0.4022765188300792,2.175984698340958,0.4117940534532723,0.30556411029605923,0.5243413751606361,0.7032978914046601,1.2712468984255128,0.9341839696867075,1.1382812986684279,1.3167560611611093,1.155894892550254,0.2681632550327986
2082-11-01,0.0,0.0,0.0,0.0,0.0,0.0,0.0,0.0,0.0,0.0,0.0,0.0,0.0,0.0,0.0,0.0
2082-12-01,0.0,0.0,0.0,0.0,0.0,0.0,0.0,0.0,0.0,0.0,0.0,0.0,0.0,0.0,0.0,0.0
2083-01-01,0.0,0.0,0.0,0.0,0.0,0.0,0.0,0.0,0.0,0.0,0.0,0.0,0.0,0.0,0.0,0.0
2083-02-01,0.0,0.0,0.0,0.0,0.0,0.0,0.0,0.0,0.0,0.0,0.0,0.0,0.0,0.0,0.0,0.0
2083-03-01,0.5259863698876752,0.5251617344205523,0.234272309674614,0.1582534363942223,0.1251052994608827,0.4949086570021477,0.2060668315723423,0.2268527993155091,0.1872253837119181,0.2543750080307361,0.4903731619329717,0.0972002242787772,0.4829801577138814,0.4789232457283036,0.2125866057342828,0.098719909639618
2083-04-01,2.2572767428616927,2.8886758486519057,1.1501751480556464,0.9765512260338648,0.3895102869768842,2.636098777519107,0.428661747066777,0.5448296856552652,0.6833534333742473,1.4182973830186147,1.6474503682482402,1.1287121087323262,1.3964674853854526,1.7785303049128678,1.245674094459891,0.4328416160820709
2083-05-01,4.415007208858022,5.562739537475815,2.270748691805449,2.180776499579533,1.3044514996918057,6.506731906733164,1.5232602514538078,1.9535831731178654,1.8620597243632286,3.6302404322908832,4.0905237349069585,3.4610626813214647,4.187439347528702,4.168553509776268,2.428483360955666,1.0642444919812322
2083-06-01,4.029890404636402,5.683588332612108,2.0723358724872067,2.299001285301033,1.7321953686853968,6.720808844896646,1.9050452371722402,2.570075656817528,2.5205625903851185,3.3075572767685846,4.087295078673003,4.1107457589503404,5.471244102972673,5.018184876464399,2.934003892394591,1.2954345416621686
2083-07-01,6.742144703862292,7.897828812240514,4.276262109624212,6.170773824616066,2.4070246383193634,12.862305891668385,1.9876636294982397,3.1752280280870613,3.194734180338181,3.868022172000988,5.8363954093407,7.609610363004959,8.717706154693436,9.691843569862765,8.926260956534554,1.967768670423999
2083-08-01,7.998439749216584,8.604755953118937,5.3080082569305,6.874612302646179,2.441303358463986,15.011416086440475,2.47089043896543,3.1905448435484898,3.584883778342082,5.309400329073236,7.516648589179176,8.416304970701578,9.213692889744996,10.54539754090559,9.69642046386099,1.9175891445737987
2083-09-01,5.262610944991666,5.651355528790575,3.3781887945671962,4.200164910888202,1.6444302668451094,10.700838130633398,1.8188454881979725,1.8670784451125209,2.5587353895770875,4.162340244937809,5.644881559486285,5.805635366589847,6.168427948381796,7.147993225797949,6.136365357356769,1.1984799465745761
2083-10-01,0.7628033458074512,0.9061402178540747,0.5675699709612393,0.6599769566450451,0.38862876040778777,1.8795991591154588,0.404531775821404,0.3406318159284301,0.4924038027782922,0.6551350185214542,1.162497291924783,0.8569544993693479,1.0245749970424525,1.0592156947473397,1.0297594514731572,0.247103829935617
2083-11-01,0.0,0.0,0.0,0.0,0.0,0.0,0.0,0.0,0.0,0.0,0.0,0.0,0.0,0.0,0.0,0.0
2083-12-01,0.0,0.0,0.0,0.0,0.0,0.0,0.0,0.0,0.0,0.0,0.0,0.0,0.0,0.0,0.0,0.0
2084-01-01,0.0,0.0,0.0,0.0,0.0,0.0,0.0,0.0,0.0,0.0,0.0,0.0,0.0,0.0,0.0,0.0
2084-02-01,0.0,0.0,0.0,0.0,0.0,0.0,0.0,0.0,0.0,0.0,0.0,0.0,0.0,0.0,0.0,0.0
2084-03-01,0.5259863698876752,0.5251617344205523,0.234272309674614,0.1582534363942223,0.1251052994608827,0.4949086570021477,0.2060668315723423,0.2268527993155091,0.1872253837119181,0.2543750080307361,0.4903731619329717,0.0972002242787772,0.4829801577138814,0.4789232457283036,0.2125866057342828,0.098719909639618
2084-04-01,2.2572767428616927,2.8886758486519057,1.1501751480556464,0.9765512260338648,0.3895102869768842,2.636098777519107,0.428661747066777,0.5448296856552652,0.6833534333742473,1.4182973830186147,1.6474503682482402,1.1287121087323262,1.3964674853854526,1.7785303049128678,1.245674094459891,0.4328416160820709
2084-05-01,4.336014493363979,5.518109678272032,2.223178984891986,2.116714871990467,1.299729652937336,6.386749278851949,1.5210124932167481,1.950005642963048,1.8519923345334488,3.614851728496815,4.040517343200036,3.4166825166041983,4.148257848926394,4.114774717328143,2.336608123695422,1.0553920405296626
2084-06-01,3.3836694136930108,5.013090397620579,1.7173696175981823,1.7955192433511902,1.6885192166665204,5.823535837506411,1.8732331113856677,2.530519282993097,2.3782887783687916,3.1002212525615196,3.7344247173647,3.510353331912422,4.90168415495929,4.039760998975777,2.1971976579295087,1.2106898455371053
2084-07-01,5.828919138998486,6.871882138153358,3.7590652777596127,5.32614102404302,2.293734272610428,10.795078766791473,1.933739845108446,2.9897559725900473,2.952955090901753,3.509635897021335,5.002853666791518,6.30833138936365,7.571814302546759,7.948157955735718,7.538149987388864,1.8003440097653702
2084-08-01,7.9681416640227525,8.485944691664454,5.330469562474855,6.890300576875381,2.4362338106356516,14.885281827085256,2.4769037392024558,3.1653673518592216,3.6118329400621323,5.3446529226311705,7.449680203510194,8.363739518492439,9.204600767096684,10.61273873605409,9.78472306573522,1.9289869451655068
2084-09-01,5.107508120958573,5.500337164706044,3.294582736231167,4.097883645122787,1.627210319243868,10.437478748524315,1.8131327518447733,1.8274270098861596,2.533092970281267,4.1238425092736595,5.5385921243433645,5.626326398472974,6.005437903876157,6.89381038050823,5.967352256610644,1.1769079535970584
2084-10-01,2.23754047094883,2.0832543221321282,1.4054324008763928,1.6540564563001188,0.4781453600615203,3.7384496514363894,0.4622136592085828,0.4776754556180454,0.7515686064074105,1.0344013013981286,1.9151081287925475,2.11208924894557,2.1281044405431304,2.7707120690615166,2.413957870628042,0.4016386633352982
2084-11-01,0.0,0.0,0.0,0.0,7.554764157923828e-07,0.0,0.0,0.01333957063187,0.0,0.0,0.0,0.0,0.0,0.0,0.0,0.0
2084-12-01,0.0,0.0,0.0,0.0,0.0,0.0,0.0,0.0,0.0,0.0,0.0,0.0,0.0,0.0,0.0,0.0
2085-01-01,0.0,0.0,0.0,0.0,0.0,0.0,0.0,0.0,0.0,0.0,0.0,0.0,0.0,0.0,0.0,0.0
2085-02-01,0.0,0.0,0.0,0.0,0.0,0.0,0.0,0.0,0.0,0.0,0.0,0.0,0.0,0.0,0.0,0.0
2085-03-01,0.5259863698876752,0.5251617344205523,0.234272309674614,0.1582534363942223,0.1251052994608827,0.4949086570021477,0.2060668315723423,0.2268527993155091,0.1872253837119181,0.2543750080307361,0.4903731619329717,0.0972002242787772,0.4829801577138814,0.4789232457283036,0.2125866057342828,0.098719909639618
2085-04-01,2.2572767428616927,2.8886758486519057,1.1501751480556464,0.9765512260338648,0.3895102869768842,2.636098777519107,0.428661747066777,0.5448296856552652,0.6833534333742473,1.4182973830186147,1.6474503682482402,1.1287121087323262,1.3964674853854526,1.7785303049128678,1.245674094459891,0.4328416160820709
2085-05-01,4.327108312362496,5.504998999519721,2.219611534455127,2.1073906543115277,1.2984918739609452,6.359084975539585,1.520256395135375,1.949501247610341,1.8486073451558982,3.6098407593796913,4.0293109982118045,3.4014371390229767,4.134547258223006,4.09342382401857,2.3167945460810957,1.0535434900218714
2085-06-01,3.5356845832815598,5.090607857190529,1.8314666483448265,1.8582895140938223,1.6687207053426572,5.3855250157124654,1.855398531721936,2.5216723177814786,2.298598768164875,2.984474594505781,3.553241862595563,3.3241314636628037,4.773370375577944,3.9354909502670443,2.0322352746559025,1.2000760398129897
2085-07-01,5.954422252241751,6.869591726035525,3.8376573733099737,5.238649247950411,2.2435300812118895,9.864090735748075,1.8944320798711192,2.9052451065469915,2.7757181828368727,3.254868373573179,4.6150737748327595,5.805689810966194,7.248047346506979,7.7242381433409015,7.125585549145747,1.7535797865074025
2085-08-01,8.09657664076476,8.656679369882049,5.401810525533108,6.983471794429324,2.4402269197675297,14.99027983726732,2.479816112363948,3.152543195533943,3.6243139993714406,5.363898610454845,7.490952099323183,8.40971354718015,9.279730608371962,10.817949479744907,9.854845736210592,1.9410685586219127
2085-09-01,5.164803045733184,5.622065204122613,3.3310005195687844,4.204476231478137,1.6338059541258323,10.681043091232159,1.8180763312322572,1.8057366310174108,2.5546239199287877,4.157279500610359,5.634729440421596,5.694072899396639,6.101776711031396,7.099062173628291,6.151833796457044,1.1948472693310417
2085-10-01,2.116382952912794,2.1481720635223938,1.3645249707338276,1.7491700364229987,0.492023196019697,3.9979123407048927,0.478896357734263,0.4768754975155708,0.8260847010374077,1.1411197507767696,2.031907870042395,2.3112466208520237,2.266401887108425,2.9254207422515037,2.541810547707138,0.4154405109359691
2085-11-01,0.0,0.0,0.0,0.0,0.0021726698972629,0.0,0.0028843740073389,0.0226138154592404,0.0131574825821115,0.0178774385114341,0.0007243212040359,0.0357756725173664,0.015326900038834,0.0,0.0,0.0003811942054167
2085-12-01,0.0,0.0,0.0,0.0,0.0,0.0,0.0,0.0,0.0,0.0,0.0,0.0,0.0,0.0,0.0,0.0
2086-01-01,0.0,0.0,0.0,0.0,0.0,0.0,0.0,0.0,0.0,0.0,0.0,0.0,0.0,0.0,0.0,0.0
2086-02-01,0.0,0.0,0.0,0.0,0.0,0.0,0.0,0.0,0.0,0.0,0.0,0.0,0.0,0.0,0.0,0.0
2086-03-01,0.5259863698876752,0.5251617344205523,0.234272309674614,0.1582534363942223,0.1251052994608827,0.4949086570021477,0.2060668315723423,0.2268527993155091,0.1872253837119181,0.2543750080307361,0.4903731619329717,0.0972002242787772,0.4829801577138814,0.4789232457283036,0.2125866057342828,0.098719909639618
2086-04-01,2.2572767428616927,2.8886758486519057,1.1501751480556464,0.9765512260338648,0.3895102869768842,2.636098777519107,0.428661747066777,0.5448296856552652,0.6833534333742473,1.4182973830186147,1.6474503682482402,1.1287121087323262,1.3964674853854526,1.7785303049128678,1.245674094459891,0.4328416160820709
2086-05-01,4.374242933409261,5.531889694125293,2.2504797501406433,2.1518435287272832,1.3009748519068176,6.432654137902867,1.5211431767633696,1.9499004163634632,1.852565220269321,3.616242183317984,4.060247614317536,3.4228716911545343,4.154411154928382,4.120652279222706,2.374475620444776,1.0593159887778378
2086-06-01,3.6344065112860546,5.313559586032214,1.8602493354185052,1.9375769859618346,1.700841165311417,6.14654988610851,1.8769202569669174,2.5369535932085325,2.394654827752397,3.1265415562100625,3.8530065750508227,3.69502015040198,5.108256954938368,4.439228014866746,2.3272371505116514,1.241441686089726
2086-07-01,5.671105761982931,6.928933192058414,3.6618435791850046,5.132281018651265,2.2772035516071947,10.459105922582063,1.91214157680942,2.9555914340632237,2.855070851214622,3.37153443608746,4.85373114242312,6.108811997427651,7.480861954031833,7.984236967296654,7.1237352332931865,1.7748500203105744
2086-08-01,8.075595531129157,8.637713127511832,5.349085596810388,6.863755526647177,2.4425203210350075,15.24153733015064,2.4746765297727236,3.1325879532406113,3.6011880373623013,5.335402795805675,7.6036598361163215,8.372983830384225,9.239018281612077,10.67520212133008,9.727616460972214,1.9242430754230933
2086-09-01,5.733378454355349,6.0773783119129705,3.6527510605669384,4.662941831347693,1.6920477355581958,11.790818185903476,1.846453339210866,1.9053895395559668,2.6823603809923977,4.346060707697068,6.07958395223388,6.383520303688367,6.682599964027533,7.925759082940674,6.959613212976305,1.2857073494626483
2086-10-01,1.3635822231474732,1.3773065562724782,0.9237310970328128,1.087174310431645,0.42775476557437997,2.729408859672964,0.4323393831696558,0.39825618550467545,0.617814056000588,0.8375749474555982,1.5117842167878783,1.321713810388324,1.445704806371077,1.728486503289329,1.6010745239877564,0.3095236328620522
2086-11-01,0.0,0.0,0.0,0.0,0.0,0.0,0.0,0.0,0.0001050558065428,0.0,0.0,0.0,0.0,0.0,0.0,0.0
2086-12-01,0.0,0.0,0.0,0.0,0.0,0.0,0.0,0.0,0.0,0.0,0.0,0.0,0.0,0.0,0.0,0.0
2087-01-01,0.0,0.0,0.0,0.0,0.0,0.0,0.0,0.0,0.0,0.0,0.0,0.0,0.0,0.0,0.0,0.0
2087-02-01,0.0,0.0,0.0,0.0,0.0,0.0,0.0,0.0,0.0,0.0,0.0,0.0,0.0,0.0,0.0,0.0
2087-03-01,0.5259863698876752,0.5251617344205523,0.234272309674614,0.1582534363942223,0.1251052994608827,0.4949086570021477,0.2060668315723423,0.2268527993155091,0.1872253837119181,0.2543750080307361,0.4903731619329717,0.0972002242787772,0.4829801577138814,0.4789232457283036,0.2125866057342828,0.098719909639618
2087-04-01,2.2572767428616927,2.8886758486519057,1.1501751480556464,0.9765512260338648,0.3895102869768842,2.636098777519107,0.428661747066777,0.5448296856552652,0.6833534333742473,1.4182973830186147,1.6474503682482402,1.1287121087323262,1.3964674853854526,1.7785303049128678,1.245674094459891,0.4328416160820709
2087-05-01,4.347267681594888,5.518753241100052,2.2287335320031874,2.1172659754003575,1.2994423362005394,6.382008781278394,1.520935949940151,1.949889810784649,1.8516507181689161,3.6143162767108215,4.038427024364612,3.4132013663835776,4.145887599747538,4.1125524758998,2.3385385798792746,1.0553739373696107
2087-06-01,3.421836856066078,4.948325878763528,1.7810237923835315,1.8302558851522495,1.6973043930942044,6.057854586347534,1.8762649705129895,2.532802681281708,2.3917213354676723,3.121980758297324,3.8358986610112953,3.619953970934678,5.000990460589318,4.181402610233987,2.2471075322633034,1.220431117727102
2087-07-01,6.221427431878883,7.049036504816964,4.029893686232488,5.6019912379842935,2.353976289784178,11.929625896671494,1.9670604324745387,3.0554462337727206,3.1011586788433636,3.7298269846023357,5.475058763059959,6.898383667264673,8.123772269343265,8.833153276111682,8.104177593113427,1.8735675411559978
2087-08-01,7.97129604360773,8.492254719242588,5.322168689008083,6.8742215230711725,2.45895737389613,15.458636992081995,2.4837590228262947,3.190834157568462,3.6424671531460033,5.394677958756892,7.707116151124039,8.6353899187622,9.370843483137282,10.683832498747883,9.799441210965758,1.9314344822050153
2087-09-01,5.699328756468219,6.096692771565863,3.641226433528343,4.682023553772333,1.6929880667584631,11.8121907596303,1.853443051890508,1.9177896797823228,2.713630811467452,4.389817546987856,6.09607938412184,6.417380551170129,6.699282090631204,7.931747433473786,6.947330203606337,1.284111950448908
2087-10-01,1.1754274344100248,1.0424005907923397,0.8599862393638316,0.9715139471976579,0.3961283970538495,2.0923922889886937,0.414183694431254,0.31818968427023153,0.5351349854189604,0.7169259344346425,1.23170294054345,0.9086417572081978,1.1255048105125487,1.3291700725804305,1.439299069911083,0.2934462357185585
2087-11-01,0.0,0.0,0.0,0.0,0.0,0.0,0.0,0.0,0.0,0.0,0.0,0.0,0.0,0.0,0.0,0.0
2087-12-01,0.0,0.0,0.0,0.0,0.0,0.0,0.0,0.0,0.0,0.0,0.0,0.0,0.0,0.0,0.0,0.0
2088-01-01,0.0,0.0,0.0,0.0,0.0,0.0,0.0,0.0,0.0,0.0,0.0,0.0,0.0,0.0,0.0,0.0
2088-02-01,0.0,0.0,0.0,0.0,0.0,0.0,0.0,0.0,0.0,0.0,0.0,0.0,0.0,0.0,0.0,0.0
2088-03-01,0.5259863698876752,0.5251617344205523,0.234272309674614,0.1582534363942223,0.1251052994608827,0.4949086570021477,0.2060668315723423,0.2268527993155091,0.1872253837119181,0.2543750080307361,0.4903731619329717,0.0972002242787772,0.4829801577138814,0.4789232457283036,0.2125866057342828,0.098719909639618
2088-04-01,2.2572767428616927,2.8886758486519057,1.1501751480556464,0.9765512260338648,0.3895102869768842,2.636098777519107,0.428661747066777,0.5448296856552652,0.6833534333742473,1.4182973830186147,1.6474503682482402,1.1287121087323262,1.3964674853854526,1.7785303049128678,1.245674094459891,0.4328416160820709
2088-05-01,4.326159510790448,5.515257464437263,2.2147483142674473,2.1091716986260165,1.3000346647214984,6.3934185343030565,1.5211543782944752,1.9501547016997332,1.8526139573334512,3.615809701857359,4.043218959763082,3.4184566269071643,4.149790613871485,4.116530431430088,2.3367648104411347,1.055055889568353
2088-06-01,3.1174489801680623,4.833805203297942,1.5878564988446169,1.6546013564591617,1.6954505543862988,5.987585508559361,1.87282612449933,2.533623791885245,2.3764048734891143,3.0998511653454637,3.8073617493390794,3.5150322827665668,4.893124676070483,3.9706108535530027,2.0572757935152195,1.2021352264923288
2088-07-01,4.825637030408799,5.974544232420632,3.196638016496532,4.565866955948044,2.2832728486017566,10.550567021772373,1.9169992685929103,2.994562501203218,2.8776715953458374,3.4037664215126817,4.9270208559568776,5.820861219550844,7.095474301450321,7.0340061940511145,6.680323569430147,1.7130690022812418
2088-08-01,7.647805162430039,8.193063225540929,5.132619750427823,6.548558697388016,2.4328907117193967,14.811545923751734,2.4709408320571264,3.1577860272357645,3.5849673624265117,5.307230394213931,7.432429326972677,8.147699494031087,8.976771612717194,10.139509667241754,9.294435013346261,1.8827008649641446
2088-09-01,5.383056252591684,5.671671820764212,3.4842502175753283,4.33256262758612,1.6548630114869174,11.021599364509477,1.8316300930682656,1.8690025867146507,2.616029388837254,4.245473466265556,5.7802234739617795,5.912138729390308,6.248853863613736,7.233963747097725,6.307262930550001,1.2159213371499706
2088-10-01,1.7582696450281614,1.5928408608931954,1.1557415570572303,1.2915748970643932,0.4270002888610033,2.7170441869554733,0.43564754791786053,0.3932825180651649,0.63207921033399,0.8577310296033491,1.500805315290946,1.4916586468126,1.589208810123993,1.9618549954365831,1.7808807509208036,0.33297995770265654
2088-11-01,0.066954903788093,0.0287547341293095,0.0315550282036102,0.0107811598772453,2.8013650323911844e-08,0.0,0.0,0.0004946416054037,0.0001128356485361,0.0,0.0,0.0150348623898725,0.0136635547411813,0.0265662255345955,0.0052525739982364,0.00051191695411
2088-12-01,0.0,0.0,0.0,0.0,0.0,0.0,0.0,0.0,0.0,0.0,0.0,0.0,0.0,0.0,0.0,0.0
2089-01-01,0.0,0.0,0.0,0.0,0.0,0.0,0.0,0.0,0.0,0.0,0.0,0.0,0.0,0.0,0.0,0.0
2089-02-01,0.0,0.0,0.0,0.0,0.0,0.0,0.0,0.0,0.0,0.0,0.0,0.0,0.0,0.0,0.0,0.0
2089-03-01,0.5259863698876752,0.5251617344205523,0.234272309674614,0.1582534363942223,0.1251052994608827,0.4949086570021477,0.2060668315723423,0.2268527993155091,0.1872253837119181,0.2543750080307361,0.4903731619329717,0.0972002242787772,0.4829801577138814,0.4789232457283036,0.2125866057342828,0.098719909639618
2089-04-01,2.2572767428616927,2.8886758486519057,1.1501751480556464,0.9765512260338648,0.3895102869768842,2.636098777519107,0.428661747066777,0.5448296856552652,0.6833534333742473,1.4182973830186147,1.6474503682482402,1.1287121087323262,1.3964674853854526,1.7785303049128678,1.245674094459891,0.4328416160820709
2089-05-01,4.33471684878128,5.506546248207806,2.222892407574503,2.1054753266805863,1.2985546520779514,6.360731304040982,1.520316136216158,1.949516000288245,1.84887384145225,3.610231164730537,4.03000902170849,3.401786955887471,4.135711960782986,4.0972238199275735,2.3189306005345163,1.0534244600678948
2089-06-01,3.504733835025271,4.978031385197866,1.7931730936196215,1.7392289475967748,1.6817593652353169,5.6733080386389725,1.8662863442884454,2.528981575947004,2.347201750620849,3.0554599149868706,3.6748217217957495,3.4292123238847427,4.84716979587864,3.991861114128091,2.034326286861438,1.1986371605204784
2089-07-01,5.658012527374114,6.435574000939971,3.674487267487491,4.972539713887979,2.260552898183329,10.023823832526366,1.9020303980948818,2.969188238318893,2.8101591665871295,3.304472526102412,4.702139153786961,5.655622744298984,7.067192774896853,7.290008788970571,6.896785027166809,1.7370664652114665
2089-08-01,7.587130235706121,8.124800508685428,5.077657309765804,6.403525565558214,2.3939527200039326,13.938484870360233,2.443603676552342,3.1317593989054093,3.46234259116435,5.127407661563657,7.073125363623722,7.74247818948731,8.685093580551673,9.887602080104966,8.948680254781785,1.8414320399895456
2089-09-01,5.3304343365505185,5.65508569072257,3.4566711071057066,4.37305448342346,1.6532401515314106,11.023793172294184,1.8259826911163135,1.8586849265076744,2.5901535292448408,4.210361613927824,5.775103784745921,5.812849337880392,6.19820960560234,7.202094887643843,6.401279181211117,1.2252095766958946
2089-10-01,1.5262152006364191,1.4137415216846403,1.0482927075607582,1.1638153129043887,0.4190286316045126,2.5190393145452883,0.42653516512349643,0.3785704021379869,0.5913817223442465,0.798979000162753,1.4213795999398195,1.3494692242898934,1.4674006173591854,1.7844092782229755,1.5821608362521196,0.3150027969657522
2089-11-01,0.0,0.0,0.0,0.0,0.0,0.0,0.0,0.0,0.0,0.0,0.0,0.0,0.0,0.0,0.0,0.0
2089-12-01,0.0,0.0,0.0,0.0,0.0,0.0,0.0,0.0,0.0,0.0,0.0,0.0,0.0,0.0,0.0,0.0
2090-01-01,0.0,0.0,0.0,0.0,0.0,0.0,0.0,0.0,0.0,0.0,0.0,0.0,0.0,0.0,0.0,0.0
2090-02-01,0.0,0.0,0.0,0.0,0.0,0.0,0.0,0.0,0.0,0.0,0.0,0.0,0.0,0.0,0.0,0.0
2090-03-01,0.5259863698876752,0.5251617344205523,0.234272309674614,0.1582534363942223,0.1251052994608827,0.4949086570021477,0.2060668315723423,0.2268527993155091,0.1872253837119181,0.2543750080307361,0.4903731619329717,0.0972002242787772,0.4829801577138814,0.4789232457283036,0.2125866057342828,0.098719909639618
2090-04-01,2.2572767428616927,2.8886758486519057,1.1501751480556464,0.9765512260338648,0.3895102869768842,2.636098777519107,0.428661747066777,0.5448296856552652,0.6833534333742473,1.4182973830186147,1.6474503682482402,1.1287121087323262,1.3964674853854526,1.7785303049128678,1.245674094459891,0.4328416160820709
2090-05-01,4.397383699653727,5.565687209737167,2.257239132148657,2.165652873765077,1.3030916985331662,6.470268790144571,1.5234320070771428,1.9527811170849951,1.862799427447813,3.63080501789036,4.07360149653324,3.452585185261314,4.1825882500154785,4.17024970292028,2.410631348341372,1.063023971586231
2090-06-01,3.8279694286069943,5.593977435328577,1.9413351086329245,2.1999122784860226,1.7318009951947428,6.699894362771068,1.8924193320836546,2.5799770131780106,2.4642433374538752,3.22871651004054,4.064272766035398,4.103354655353608,5.480863727058981,5.049114116241302,2.969769017422818,1.2976210800006407
2090-07-01,6.245922682242416,7.708326101661397,3.9389579638021304,5.7681424702483355,2.384366689382935,12.560313379025981,1.9543467881420726,3.1737045518364857,3.0458414647644174,3.6565783006591728,5.660226044243636,7.418584265795303,8.657031764338765,9.8027037285809,8.728730064152117,1.9438107991386664
2090-08-01,7.887993873218134,8.57825373275909,5.23973727724977,6.778853942054543,2.461531651255815,15.30159056847609,2.4905414942724198,3.23712056692178,3.6732262813260146,5.434336888382076,7.628090605318079,8.594891338105956,9.378512259718104,10.816470157283874,9.724253230263722,1.9299284781175834
2090-09-01,4.953010864164879,5.458483567369484,3.196565037288023,3.9903569650267965,1.6236349620956414,10.218023963467871,1.8116373532285721,1.858798482849776,2.5264833334206043,4.111962495989092,5.449600014823707,5.6075164336610674,5.979405554001264,6.854952911558311,5.815466532724821,1.162800444872505
2090-10-01,2.143538097411606,2.021601285250797,1.3261709918125013,1.5512643235302406,0.4424515323135402,3.0663041022710593,0.44175607229692604,0.4139325981458707,0.6597298689310145,0.8990922267126453,1.6211188787041415,1.6415025670907806,1.8158187002713462,2.527038010621262,2.258880874891477,0.3719099552672217
2090-11-01,0.0591874223283521,0.0,0.0369061264087632,0.0015140465388381,0.0,0.0,0.0,0.0,0.0,0.0,0.0,0.0,0.0,0.0,0.0,0.0
2090-12-01,0.0,0.0,0.0,0.0,0.0,0.0,0.0,0.0,0.0,0.0,0.0,0.0,0.0,0.0,0.0,0.0
2091-01-01,0.0,0.0,0.0,0.0,0.0,0.0,0.0,0.0,0.0,0.0,0.0,0.0,0.0,0.0,0.0,0.0
2091-02-01,0.0,0.0,0.0,0.0,0.0,0.0,0.0,0.0,0.0,0.0,0.0,0.0,0.0,0.0,0.0,0.0
2091-03-01,0.5259863698876752,0.5251617344205523,0.234272309674614,0.1582534363942223,0.1251052994608827,0.4949086570021477,0.2060668315723423,0.2268527993155091,0.1872253837119181,0.2543750080307361,0.4903731619329717,0.0972002242787772,0.4829801577138814,0.4789232457283036,0.2125866057342828,0.098719909639618
2091-04-01,2.2572767428616927,2.8886758486519057,1.1501751480556464,0.9765512260338648,0.3895102869768842,2.636098777519107,0.428661747066777,0.5448296856552652,0.6833534333742473,1.4182973830186147,1.6474503682482402,1.1287121087323262,1.3964674853854526,1.7785303049128678,1.245674094459891,0.4328416160820709
2091-05-01,4.3542061411279525,5.5269584287949405,2.2355557620022664,2.1299742855381365,1.2992808841156296,6.377602963405436,1.5207567266665047,1.9500223104022767,1.8508544754046372,3.61312038705389,4.035495701544285,3.4111322595619753,4.148293572482797,4.126074705686382,2.351072663225821,1.0569685214267095
2091-06-01,3.4074923226241305,4.998894313284509,1.7808670779569171,1.8595130787039575,1.6926772760029911,5.871769121953421,1.8753053795065784,2.5426854151918468,2.3874884256634212,3.1138534839811904,3.7616930965554283,3.5148053375324535,4.894802161143888,4.002375327835675,2.1488720739308818,1.2161798012543383
2091-07-01,5.485921402043507,6.360724966473139,3.649465625722642,5.0348635259836465,2.2609064005506077,9.895400905919455,1.8973108528903526,2.989884630946327,2.7896675633858496,3.2741454005401347,4.664467463411999,5.740313483800618,7.0360043739649445,7.044913266339657,6.763316493061261,1.7324928174413645
2091-08-01,7.753613303258884,8.209013656945206,5.211597934670453,6.686164826084353,2.410784763401404,14.377774014244068,2.458421353531898,3.144525982345866,3.52904377714643,5.2245216887297,7.2557978355292345,7.916877583169085,8.792010734978206,9.918077974229526,9.34870359581549,1.8836171283516359
2091-09-01,5.131324296124913,5.413269894783163,3.336155399848436,4.079231006200978,1.5999237341317438,9.863025397199019,1.7840052457331577,1.7812886760819238,2.4022417612638134,3.936461816875597,5.298918236916995,5.4797998585992165,5.873312566702262,6.680781742956716,5.798846120614837,1.1585304179755442
2091-10-01,1.6674174599388487,1.8164380193904122,1.0274733833917011,1.2930240961906145,0.4447603654179916,3.0665166641891943,0.45682202569857344,0.4031265790806096,0.7265823314418668,0.9926208064207751,1.6299697942504885,1.697823329733486,1.7976073110578035,2.367568636407272,2.042974063490691,0.3525126688313295
2091-11-01,0.0,0.0,0.0,0.0,0.0108123992454897,0.1489301961217634,0.0086437879320524,0.0202399122861221,0.0386932922440405,0.0555210640190534,0.0682253954539658,0.0433713124579358,0.022468790344145,0.0,0.0,0.001494202716313
2091-12-01,0.0,0.0,0.0,0.0,0.0,0.0,0.0,0.0,0.0,0.0,0.0,0.0,0.0,0.0,0.0,0.0
2092-01-01,0.0,0.0,0.0,0.0,0.0,0.0,0.0,0.0,0.0,0.0,0.0,0.0,0.0,0.0,0.0,0.0
2092-02-01,0.0,0.0,0.0,0.0,0.0,0.0,0.0,0.0,0.0,0.0,0.0,0.0,0.0,0.0,0.0,0.0
2092-03-01,0.5259863698876752,0.5251617344205523,0.234272309674614,0.1582534363942223,0.1251052994608827,0.4949086570021477,0.2060668315723423,0.2268527993155091,0.1872253837119181,0.2543750080307361,0.4903731619329717,0.0972002242787772,0.4829801577138814,0.4789232457283036,0.2125866057342828,0.098719909639618
2092-04-01,2.2572767428616927,2.8886758486519057,1.1501751480556464,0.9765512260338648,0.3895102869768842,2.636098777519107,0.428661747066777,0.5448296856552652,0.6833534333742473,1.4182973830186147,1.6474503682482402,1.1287121087323262,1.3964674853854526,1.7785303049128678,1.245674094459891,0.4328416160820709
2092-05-01,4.429670990461373,5.530105366496038,2.2764781393160156,2.1372137260931123,1.2997664438596885,6.3962112000614395,1.5207436583062788,1.949867683951354,1.85078420175077,3.613310147070693,4.044680159019049,3.4147912060636294,4.149415976090703,4.121251299443005,2.350935715174183,1.0568870787076547
2092-06-01,4.069696523377008,5.357273281265962,2.146239601848623,2.2188088585714794,1.7320004871862849,6.817932840206209,1.8957872371441398,2.571404552040353,2.4791903944581364,3.2520108296258767,4.147235292190912,4.123861939376605,5.437962875945571,4.83068009244754,2.832941213134985,1.2828467476762735
2092-07-01,6.25636713463403,7.054409525712527,4.056504667834839,5.554215335144788,2.349425453066756,11.709720418907201,1.9542926347970668,3.101904437141579,3.044906761138167,3.648321188147849,5.391410211708864,6.991926165612277,8.14628744575495,8.761422251115224,7.913515416368947,1.8557200071668933
2092-08-01,8.121778917915925,8.624433176788127,5.397492327253385,6.932822410735472,2.4505965354766306,15.282564424719356,2.474222849513618,3.1883326405122077,3.5999811186652817,5.333565475610948,7.6366175191947185,8.659275267849997,9.384891931745706,10.699288346519156,9.77295273386606,1.9274235884862934
2092-09-01,5.189763608610047,5.518439142006167,3.356646062258064,4.1486261166516565,1.623722577614883,10.476872693737185,1.8083254673963636,1.8226495730509458,2.5112414135111756,4.094327310008273,5.546903139753713,5.605932774575539,6.03558066874838,7.009259828466498,6.062413949509597,1.184655738440227
2092-10-01,0.9971087770998376,1.080046797046283,0.7244184139374084,0.8424800850397719,0.4086206131630026,2.292707667812542,0.41972841582977494,0.35265182994733846,0.560555264366469,0.7542193318292243,1.3324198420595945,1.0954693411528984,1.233863286451761,1.3920448497457785,1.2727778989458234,0.2775882036996906
2092-11-01,0.0,0.0,0.0,0.0,0.0,0.0,0.0,0.0,0.0,0.0,0.0,0.0,0.0,0.0,0.0,0.0
2092-12-01,0.0,0.0,0.0,0.0,0.0,0.0,0.0,0.0,0.0,0.0,0.0,0.0,0.0,0.0,0.0,0.0
2093-01-01,0.0,0.0,0.0,0.0,0.0,0.0,0.0,0.0,0.0,0.0,0.0,0.0,0.0,0.0,0.0,0.0
2093-02-01,0.0,0.0,0.0,0.0,0.0,0.0,0.0,0.0,0.0,0.0,0.0,0.0,0.0,0.0,0.0,0.0
2093-03-01,0.5259863698876752,0.5251617344205523,0.234272309674614,0.1582534363942223,0.1251052994608827,0.4949086570021477,0.2060668315723423,0.2268527993155091,0.1872253837119181,0.2543750080307361,0.4903731619329717,0.0972002242787772,0.4829801577138814,0.4789232457283036,0.2125866057342828,0.098719909639618
2093-04-01,2.2572767428616927,2.8886758486519057,1.1501751480556464,0.9765512260338648,0.3895102869768842,2.636098777519107,0.428661747066777,0.5448296856552652,0.6833534333742473,1.4182973830186147,1.6474503682482402,1.1287121087323262,1.3964674853854526,1.7785303049128678,1.245674094459891,0.4328416160820709
2093-05-01,4.329575065623912,5.509627608585669,2.218433239455658,2.109769425596263,1.299125786342882,6.373660870089717,1.5206671150575006,1.9501501663414782,1.8504511489297915,3.6125526348576997,4.03505457248999,3.408816924089204,4.1413867033743506,4.1042297362714235,2.3304883518799024,1.0545250916527695
2093-06-01,3.1227039617694854,4.8497730228792735,1.6201534623742964,1.7321619905378096,1.6972340585667829,5.985587160416965,1.877125616293357,2.54773940184363,2.39568665201609,3.126593045897292,3.8116141582147383,3.5095980744207864,4.883325419834981,3.9514234275881446,2.0681208670049487,1.2084285381099458
2093-07-01,4.881025169012552,6.037129170679458,3.289533104016605,4.741704172313594,2.2712432284574393,10.126504093942428,1.9073865513359776,3.0171238116800705,2.8349796132479166,3.339372593847431,4.761254611554914,5.6886358430827215,6.973325181079092,6.879288658133163,6.615202476017972,1.7145565585279945
2093-08-01,7.206284414990294,7.837638250900524,4.934183776805645,6.304479031597252,2.3981114405294415,13.973625710350639,2.4430734808357486,3.1337738003293025,3.459663584765612,5.124590930958299,7.088921865225156,7.694469735502646,8.613945935565903,9.699405986857062,8.814155149812612,1.8392746375300772
2093-09-01,5.516572945000445,5.725246016207182,3.580310438952536,4.449295129062533,1.6646412161978148,11.17218983033317,1.8291937765217454,1.883436899632678,2.604847621703537,4.232045701150148,5.8363686311144445,5.956136564096036,6.314396662011932,7.370985025157112,6.468960855154299,1.2416418671666896
2093-10-01,1.053340724115027,1.1012174541364232,0.7474738390709144,0.8426477764250425,0.3836115963641174,1.8570697402041176,0.3991102739356774,0.29460627433153824,0.4677608744253209,0.6210012569400635,1.1431129227704457,0.8778171654522748,1.0981681218688202,1.3128331506268238,1.2115240661366622,0.2655059396950724
2093-11-01,0.0,0.0,0.0,0.0,0.0,0.0,0.0,0.0,0.0,0.0,0.0,0.0,0.0,0.0,0.0,0.0
2093-12-01,0.0,0.0,0.0,0.0,0.0,0.0,0.0,0.0,0.0,0.0,0.0,0.0,0.0,0.0,0.0,0.0
2094-01-01,0.0,0.0,0.0,0.0,0.0,0.0,0.0,0.0,0.0,0.0,0.0,0.0,0.0,0.0,0.0,0.0
2094-02-01,0.0,0.0,0.0,0.0,0.0,0.0,0.0,0.0,0.0,0.0,0.0,0.0,0.0,0.0,0.0,0.0
2094-03-01,0.5259863698876752,0.5251617344205523,0.234272309674614,0.1582534363942223,0.1251052994608827,0.4949086570021477,0.2060668315723423,0.2268527993155091,0.1872253837119181,0.2543750080307361,0.4903731619329717,0.0972002242787772,0.4829801577138814,0.4789232457283036,0.2125866057342828,0.098719909639618
2094-04-01,2.2572767428616927,2.8886758486519057,1.1501751480556464,0.9765512260338648,0.3895102869768842,2.636098777519107,0.428661747066777,0.5448296856552652,0.6833534333742473,1.4182973830186147,1.6474503682482402,1.1287121087323262,1.3964674853854526,1.7785303049128678,1.245674094459891,0.4328416160820709
2094-05-01,4.38493153879658,5.5311812054697125,2.250001736135392,2.1289068935122892,1.300055491077481,6.3946959992774,1.5214717527094161,1.9502424262520857,1.8540467334650328,3.617779395414982,4.043386790488726,3.4238911987325698,4.155442833386659,4.127997768252771,2.3494364771123646,1.05688353471819
2094-06-01,3.5474962769166964,5.167741813423871,1.803778737913139,1.9275096962096916,1.69606268273536,6.021968828814286,1.8741833676344557,2.534892070647072,2.382499804607924,3.1083822209357153,3.811734578803569,3.6000837074202936,5.01579624780743,4.277920891158223,2.4335696502915796,1.2332710602904051
2094-07-01,5.785942956723521,6.859880169643581,3.688618266290407,5.203157929104023,2.2967020835657785,10.886304926558482,1.9249354968526837,3.0086581503213674,2.912944444052979,3.456540190520623,5.050657613310952,6.219787558645611,7.559116782108944,8.029893179631697,7.519378594977038,1.7883310311960203
2094-08-01,8.097089386083184,8.70673556940875,5.364179579402839,6.982191574934541,2.456968739367528,15.364333754017675,2.4856502023466707,3.1951803651463213,3.650966005002636,5.404706815768573,7.650150949205063,8.543416962223446,9.376436824364697,10.888397261066356,9.996340078552509,1.9521491550752041
2094-09-01,5.082713286095138,5.421582104073275,3.303484708794806,4.08556869335289,1.6238521560185437,10.352221573916978,1.8121992974475378,1.8272575192958533,2.52859471238395,4.116944027104772,5.500593143928697,5.573574494727552,5.975772828216291,6.868908603074735,5.952226472574927,1.1769113253555255
2094-10-01,2.0336745897700315,2.088361141474165,1.2601099963967073,1.5679248295238128,0.4827542985950045,3.739209430191466,0.4683165859378358,0.4808912874974609,0.7787847057361179,1.0725157177138869,1.926423324091691,2.0571303634352933,2.0936497027293735,2.7606236125768477,2.319326557845531,0.3880595570416455
2094-11-01,0.0,0.0691887848655637,0.0,0.0,0.003520052588676,0.0,0.0093588138080492,0.018624845360578,0.041907825641642,0.0580062148555127,0.0023501762491778,0.0989298847084636,0.0970820747243924,0.2066685947632038,0.0002161910698111,0.0003679853718891
2094-12-01,0.0,0.0,0.0,0.0,0.0,0.0,0.0,0.0,0.0,0.0,0.0,0.0,0.0,0.0,0.0,0.0
2095-01-01,0.0,0.0,0.0,0.0,0.0,0.0,0.0,0.0,0.0,0.0,0.0,0.0,0.0,0.0,0.0,0.0
2095-02-01,0.0,0.0,0.0,0.0,0.0,0.0,0.0,0.0,0.0,0.0,0.0,0.0,0.0,0.0,0.0,0.0
2095-03-01,0.5259863698876752,0.5251617344205523,0.234272309674614,0.1582534363942223,0.1251052994608827,0.4949086570021477,0.2060668315723423,0.2268527993155091,0.1872253837119181,0.2543750080307361,0.4903731619329717,0.0972002242787772,0.4829801577138814,0.4789232457283036,0.2125866057342828,0.098719909639618
2095-04-01,2.2572767428616927,2.8886758486519057,1.1501751480556464,0.9765512260338648,0.3895102869768842,2.636098777519107,0.428661747066777,0.5448296856552652,0.6833534333742473,1.4182973830186147,1.6474503682482402,1.1287121087323262,1.3964674853854526,1.7785303049128678,1.245674094459891,0.4328416160820709
2095-05-01,4.351176204433843,5.527316830468238,2.231827900477962,2.126611214710216,1.3003406637831123,6.399647051142313,1.5213634720580909,1.9515371921594624,1.8535696979811664,3.617167354897259,4.045364596555909,3.425046836595451,4.155804945728206,4.126479853786736,2.351351717483278,1.0570084447831727
2095-06-01,3.2402536691738373,5.028193059009463,1.6771581300956808,1.8809555114574326,1.6968837543059503,5.99528591576982,1.8796104707308408,2.5444975120969104,2.406684585595035,3.1416618088124353,3.800957302279132,3.548148557963531,4.975398340705357,4.231432253870891,2.3634123378850616,1.2308272207774604
2095-07-01,4.765570822865452,6.246154382239169,3.188313081022885,4.833991314003498,2.268351313663163,10.08959305838808,1.9147608496201691,3.013910541026744,2.8672661099893344,3.3839288078662433,4.724086005389086,5.735559557369621,7.134029683799416,7.408939341230557,6.990010993218282,1.7385088818488044
2095-08-01,7.488964431659884,8.113627299077429,5.034579189664045,6.494246857524995,2.4082976275281407,14.291837623072059,2.4586024439128558,3.1462498138526813,3.5293401965475955,5.224443537321156,7.215104411579798,7.817564297915069,8.747614527817428,9.94223274530454,9.197072160689643,1.864894977920566
2095-09-01,5.321039320715046,5.683630903193443,3.439953242651568,4.30791989378933,1.6405354239678935,10.7053894597526,1.8213060754703974,1.8481286046671948,2.5691769185408755,4.177418971207851,5.639660573926945,5.836438406058841,6.204707421406923,7.227356180707756,6.26851131388237,1.2129115280623572
2095-10-01,1.4434189461382974,1.4422730273583764,0.9647031080692623,1.098538099423159,0.4272902523921532,2.693927780182262,0.4292589843709474,0.4195670031902099,0.6034068559623103,0.8178235021338462,1.488647241335813,1.3530162932718843,1.5028046937716648,1.8942612401248473,1.6187117399541044,0.31445723409945303
2095-11-01,0.0,0.0,0.0,0.0,0.0,0.0,0.0,0.0,0.0,0.0,0.0,0.0,0.0,0.0,0.0,0.0
2095-12-01,0.0,0.0,0.0,0.0,0.0,0.0,0.0,0.0,0.0,0.0,0.0,0.0,0.0,0.0,0.0,0.0
2096-01-01,0.0,0.0,0.0,0.0,0.0,0.0,0.0,0.0,0.0,0.0,0.0,0.0,0.0,0.0,0.0,0.0
2096-02-01,0.0,0.0,0.0,0.0,0.0,0.0,0.0,0.0,0.0,0.0,0.0,0.0,0.0,0.0,0.0,0.0
2096-03-01,0.5259863698876752,0.5251617344205523,0.234272309674614,0.1582534363942223,0.1251052994608827,0.4949086570021477,0.2060668315723423,0.2268527993155091,0.1872253837119181,0.2543750080307361,0.4903731619329717,0.0972002242787772,0.4829801577138814,0.4789232457283036,0.2125866057342828,0.098719909639618
2096-04-01,2.2572767428616927,2.8886758486519057,1.1501751480556464,0.9765512260338648,0.3895102869768842,2.636098777519107,0.428661747066777,0.5448296856552652,0.6833534333742473,1.4182973830186147,1.6474503682482402,1.1287121087323262,1.3964674853854526,1.7785303049128678,1.245674094459891,0.4328416160820709
2096-05-01,4.39374178591719,5.555882520935621,2.2508768286863594,2.141679675975151,1.3006059437986313,6.408321689427648,1.5216957817736547,1.9513290001808172,1.8550411692612623,3.619332856637764,4.049039417400786,3.4284733495580526,4.159594362547619,4.1342231083822405,2.362543297497846,1.0581933991911177
2096-06-01,3.8422056862359035,5.1522716704485205,1.9589103089395428,1.9655603520058436,1.7161821842262759,6.368251531866708,1.8906999099670365,2.5577237556825736,2.4562462676740386,3.2153207324572404,3.970906045034921,3.904019523361946,5.21328795773296,4.4485809071081235,2.4963968396191367,1.2436019913970195
2096-07-01,5.857021858302408,6.568090814685249,3.6599464491494373,4.925815603256969,2.313804282096869,10.885380755660243,1.9411085314994412,3.0659220138704275,2.9856697438343973,3.557407083180528,5.075958831400465,6.621848069071986,7.744449724357118,8.029180127301391,7.247883439038688,1.7641589024651196
2096-08-01,8.367051810668562,8.782050183538331,5.533065705219901,7.124417987110283,2.4666876268703817,15.471692605785892,2.4959499349752505,3.2091344512500006,3.6970594356533435,5.470048005494222,7.703743736305805,8.799667116155776,9.530209048632798,10.998621936412475,10.120797323688796,1.9641167086918703
2096-09-01,5.240158527407401,5.629520770445244,3.375544263555345,4.217503620111773,1.6414919801858958,10.660972580861394,1.821701870617956,1.8611223328981268,2.5714077266781965,4.179560460419333,5.6291842447532225,5.818593654632036,6.172123678336874,7.143552360775791,6.151943798524751,1.1996386415217672
2096-10-01,2.2275103504539855,2.2052737842899734,1.3815315091717018,1.6584898127816308,0.48146994561945017,3.8171108521114747,0.4730361311423649,0.4799059350402296,0.8000874828465947,1.1025694870278435,1.954819111789265,2.326176942429358,2.2690268229377892,2.9262825491562126,2.4013839042938403,0.3984471599924912
2096-11-01,0.0,0.0539349049854607,0.0,0.0,9.09105336015138e-07,0.0,0.0,0.0160522216022599,0.0003321823198583,0.0,0.0,0.1311887713128245,0.1025614448363698,0.1611048820078343,0.0001685279605882,0.0
2096-12-01,0.0,0.0,0.0,0.0,0.0,0.0,0.0,0.0,0.0,0.0,0.0,0.0,0.0,0.0,0.0,0.0
2097-01-01,0.0,0.0,0.0,0.0,0.0,0.0,0.0,0.0,0.0,0.0,0.0,0.0,0.0,0.0,0.0,0.0
2097-02-01,0.0,0.0,0.0,0.0,0.0,0.0,0.0,0.0,0.0,0.0,0.0,0.0,0.0,0.0,0.0,0.0
2097-03-01,0.5259863698876752,0.5251617344205523,0.234272309674614,0.1582534363942223,0.1251052994608827,0.4949086570021477,0.2060668315723423,0.2268527993155091,0.1872253837119181,0.2543750080307361,0.4903731619329717,0.0972002242787772,0.4829801577138814,0.4789232457283036,0.2125866057342828,0.098719909639618
2097-04-01,2.2572767428616927,2.8886758486519057,1.1501751480556464,0.9765512260338648,0.3895102869768842,2.636098777519107,0.428661747066777,0.5448296856552652,0.6833534333742473,1.4182973830186147,1.6474503682482402,1.1287121087323262,1.3964674853854526,1.7785303049128678,1.245674094459891,0.4328416160820709
2097-05-01,4.383316159759873,5.526913390691373,2.2630158900360047,2.1612283892504283,1.2995447845226389,6.384785067340188,1.5208668743138654,1.9505899459386378,1.851339055704554,3.6139316469655376,4.039885885707827,3.41228747406223,4.144953101139472,4.110523981741719,2.3674156558068082,1.059340241817894
2097-06-01,4.303450694871264,5.876928041312649,2.2005424782062786,2.39010600125565,1.7448201814135875,7.193304775781412,1.9078045260060668,2.584776884312759,2.5330137655323797,3.330582348340582,4.288972533834211,4.206055138705935,5.577393810281253,5.18395940861031,3.0639121853133298,1.3109964422663136
2097-07-01,6.36544317333604,7.528112688693438,4.02804223320251,5.637910201018894,2.3583900336448123,11.829525827814622,1.9661885664686247,3.1280928464419673,3.0983880846679988,3.723163488709003,5.4320958481548125,7.013096956176294,8.212621108465965,9.006250375783779,8.01479580387908,1.8702150068095558
2097-08-01,7.571532650764413,8.193972073127114,5.069669293054979,6.507555220758375,2.39750471192532,14.03482069836547,2.443529012734741,3.1631768742348183,3.4625968203612567,5.12811687475084,7.112875923742433,7.847710722070595,8.763897124385178,9.980347254879973,9.14136947922611,1.8621651305040903
2097-09-01,4.998777246619944,5.397322595769868,3.2473858008312355,4.041164507331405,1.622362422641534,10.317062809542659,1.8023345577585879,1.8481417726354183,2.484502617856205,4.055595595157149,5.491109593239667,5.528782500809767,5.934165581055154,6.7946997689548025,5.87970253124584,1.1712272856183945
2097-10-01,0.9834248915295206,0.9970057830658091,0.7369504318505691,0.8059965737817708,0.3989879145802488,2.1883688621369055,0.4115532227600341,0.3070422875270261,0.5233921014875017,0.7022928393595277,1.2877331530413287,0.9845520760057217,1.1515122058724179,1.2805864745777482,1.173249824477055,0.26891387826518187
2097-11-01,0.0,0.0,0.0,0.0,0.0,0.0,0.0,0.0,0.0,0.0,0.0,0.0,0.0,0.0,0.0,0.0
2097-12-01,0.0,0.0,0.0,0.0,0.0,0.0,0.0,0.0,0.0,0.0,0.0,0.0,0.0,0.0,0.0,0.0
2098-01-01,0.0,0.0,0.0,0.0,0.0,0.0,0.0,0.0,0.0,0.0,0.0,0.0,0.0,0.0,0.0,0.0
2098-02-01,0.0,0.0,0.0,0.0,0.0,0.0,0.0,0.0,0.0,0.0,0.0,0.0,0.0,0.0,0.0,0.0
2098-03-01,0.5259863698876752,0.5251617344205523,0.234272309674614,0.1582534363942223,0.1251052994608827,0.4949086570021477,0.2060668315723423,0.2268527993155091,0.1872253837119181,0.2543750080307361,0.4903731619329717,0.0972002242787772,0.4829801577138814,0.4789232457283036,0.2125866057342828,0.098719909639618
2098-04-01,2.2572767428616927,2.8886758486519057,1.1501751480556464,0.9765512260338648,0.3895102869768842,2.636098777519107,0.428661747066777,0.5448296856552652,0.6833534333742473,1.4182973830186147,1.6474503682482402,1.1287121087323262,1.3964674853854526,1.7785303049128678,1.245674094459891,0.4328416160820709
2098-05-01,4.398791663461149,5.581666175029442,2.2595606877928613,2.1651098029945492,1.301916662914581,6.446076201980352,1.5232658522193607,1.9515388155165434,1.8620745779849508,3.6294420939831626,4.062256866724045,3.439268328634371,4.174140135667737,4.1656588112093695,2.3866516151708472,1.0616864781142514
2098-06-01,3.92683894687635,5.516864138554867,2.11122706767647,2.3903979620281026,1.7372005908991501,6.626976813976308,1.9204397676326983,2.611829932791193,2.589798752606509,3.4029087671385807,4.088979655883516,4.170851102840809,5.396824892418283,4.671327807177228,2.7520714040558545,1.2871311475182496
2098-07-01,6.116245621932585,7.282835845750988,4.048766621141368,5.8189533208766795,2.3645957132834607,11.682977132995937,1.9926445407945241,3.156083496772297,3.217433022545813,3.8863410901399957,5.411683056657017,7.240408669740159,8.220102701611333,8.680332621607457,7.890341949973352,1.8686302302371878
2098-08-01,7.73688800390942,8.459260222399823,5.199971836770751,6.878981738554067,2.4628126547383844,15.343701898189451,2.4880267678983725,3.2393400115016857,3.6623071634004205,5.419843308328645,7.6645405314359465,8.574853516229698,9.305188362462449,10.58413311879641,9.797677450159178,1.9335479159207267
2098-09-01,5.288208389940352,5.676865330917662,3.4038962451300288,4.275119101591396,1.6512297181221645,10.938670726675543,1.8267219797063117,1.8845534381855864,2.594083570600744,4.21393408550886,5.741028193437961,5.958388387027469,6.286758145622933,7.285874374106816,6.30198990442353,1.2133219548061405
2098-10-01,1.535466409571716,1.4574151775303128,1.0375062167070817,1.1834497000132183,0.4173382853866855,2.478613982043826,0.42587801100587463,0.37224083143082065,0.5877530340270883,0.7941832685268992,1.3966919278596754,1.316045075302742,1.4638312038553671,1.84018924536714,1.6627068657713016,0.3205363595408945
2098-11-01,0.0,0.0,0.0,0.0,0.0,0.0,0.0,0.0,0.0,0.0,0.0,0.0,0.0,0.0,0.0,0.0
2098-12-01,0.0,0.0,0.0,0.0,0.0,0.0,0.0,0.0,0.0,0.0,0.0,0.0,0.0,0.0,0.0,0.0
2099-01-01,0.0,0.0,0.0,0.0,0.0,0.0,0.0,0.0,0.0,0.0,0.0,0.0,0.0,0.0,0.0,0.0
2099-02-01,0.0,0.0,0.0,0.0,0.0,0.0,0.0,0.0,0.0,0.0,0.0,0.0,0.0,0.0,0.0,0.0
2099-03-01,0.5259863698876752,0.5251617344205523,0.234272309674614,0.1582534363942223,0.1251052994608827,0.4949086570021477,0.2060668315723423,0.2268527993155091,0.1872253837119181,0.2543750080307361,0.4903731619329717,0.0972002242787772,0.4829801577138814,0.4789232457283036,0.2125866057342828,0.098719909639618
2099-04-01,2.2572767428616927,2.8886758486519057,1.1501751480556464,0.9765512260338648,0.3895102869768842,2.636098777519107,0.428661747066777,0.5448296856552652,0.6833534333742473,1.4182973830186147,1.6474503682482402,1.1287121087323262,1.3964674853854526,1.7785303049128678,1.245674094459891,0.4328416160820709
2099-05-01,4.372282372445374,5.552004619358455,2.2425525891222318,2.1404884461245963,1.3028806369493258,6.48165654270149,1.522211048643659,1.95226717877395,1.8573566589600807,3.6233511075700258,4.077150655470915,3.443364428570585,4.178354093411183,4.166492056066151,2.3849786009467855,1.0608767637234617
2099-06-01,3.453243609320778,5.170667365362495,1.789096621910636,1.9877852006624277,1.721879440783472,6.489378212361737,1.8962894339291332,2.5604504727817163,2.481286946329449,3.2509302821515518,4.00507266367369,3.8734426726250857,5.236228344110927,4.5753246157957435,2.5773469390342094,1.2613397643301714
2099-07-01,6.391759626345378,7.492734504205288,4.098752077306167,5.869317719115667,2.407010331612482,13.019886295696983,2.001476891542733,3.149586138660788,3.25621942632577,3.956262313154809,5.928943374621227,7.59884130313564,8.672244538679251,9.527940891453955,8.60749977584494,1.9352750974557087
2099-08-01,8.318501669569066,8.812477022076177,5.52508436196727,7.20112949848933,2.484806593734298,15.987901049683511,2.5049521808047914,3.2179287791778934,3.737638659031037,5.532119681620411,7.918952665285037,9.008828529463019,9.69512612338268,11.176786055753714,10.30155896904823,1.9871190936517413
2099-09-01,5.121156043848091,5.516229442601113,3.314505845529671,4.09218235721484,1.6326177258831853,10.459532270235787,1.816274756839033,1.8549873374777675,2.5472698568264143,4.143576473546038,5.54819435437925,5.682436482650163,6.068574845423319,7.022342176404833,5.950204281462014,1.1816429505093367
2099-10-01,2.1948243408326733,2.1175463351229658,1.3462343318545351,1.598826418726584,0.47308064706959957,3.6205258493537573,0.469149225664911,0.463239852162325,0.7823446813284951,1.0760752706229266,1.8722991749392874,2.0917761604688128,2.084309512325964,2.672500142764145,2.326575040785062,0.384871846358725
2099-11-01,0.1158083786437205,0.1417061097717838,0.0354138906683504,0.0240967702989244,0.0014632587779381,0.0,0.0067563428488527,0.0181769983468046,0.0304988970174607,0.0418760200775643,0.0016966462652584,0.1177492135641814,0.079505638792687,0.1007914413943223,0.0098342693869892,0.0
2099-12-01,0.0,0.0,0.0,0.0,0.0,0.0,0.0,0.0,0.0,0.0,0.0,0.0,0.0,0.0,0.0,0.0
2100-01-01,0.0,0.0,0.0,0.0,0.0,0.0,0.0,0.0,0.0,0.0,0.0,0.0,0.0,0.0,0.0,0.0
2100-02-01,0.0,0.0,0.0,0.0,0.0,0.0,0.0,0.0,0.0,0.0,0.0,0.0,0.0,0.0,0.0,0.0
2100-03-01,0.5259863698876752,0.5251617344205523,0.234272309674614,0.1582534363942223,0.1251052994608827,0.4949086570021477,0.2060668315723423,0.2268527993155091,0.1872253837119181,0.2543750080307361,0.4903731619329717,0.0972002242787772,0.4829801577138814,0.4789232457283036,0.2125866057342828,0.098719909639618
2100-04-01,2.2572767428616927,2.8886758486519057,1.1501751480556464,0.9765512260338648,0.3895102869768842,2.636098777519107,0.428661747066777,0.5448296856552652,0.6833534333742473,1.4182973830186147,1.6474503682482402,1.1287121087323262,1.3964674853854526,1.7785303049128678,1.245674094459891,0.4328416160820709
2100-05-01,4.404023189092388,5.546003333704262,2.2584135787442,2.1575671881542102,1.3046998227548678,6.507787845439221,1.5232023772473513,1.9537795031326788,1.861800268610918,3.6299343193919373,4.092293867096078,3.4690480340457865,4.188185780334226,4.15679670854984,2.4097359102435987,1.061854162943994
2100-06-01,3.509739971794244,5.399883549293745,1.8048743631308741,2.037582123023623,1.7172678946910398,6.308728343432669,1.8939856698726074,2.576758951500957,2.4712149274808177,3.2341283021635636,3.918874116114682,3.983429909982627,5.29846676990519,4.631950587098036,2.5317997189981987,1.2612329579115644
2100-07-01,5.539672840774926,6.974583274951909,3.6167443194496434,5.272018737013766,2.3204716581109017,10.938062799998756,1.9459905082522198,3.0930662274320344,3.0080127197031046,3.5870177225865088,5.0551958824372765,6.694042825073444,7.853658945595356,8.310190509984189,7.482859615663057,1.8189196743416158
2100-08-01,7.625207477423433,8.425073560410041,5.099327355640596,6.691587224264046,2.443427554856126,14.901688278529864,2.4756958432871854,3.216211183443546,3.6067817989893545,5.3377890252239855,7.470506466847147,8.453639374750807,9.227686298523722,10.555016227215216,9.561834751725367,1.9092097273685527
2100-09-01,4.975187897769779,5.462807083124524,3.2204881020620184,4.051454840004217,1.6247851757550011,10.282461942664533,1.8099870150839723,1.8479569863445662,2.518942030173498,4.102401129943768,5.471835451282743,5.628544968544225,6.012846386461819,6.926848696659133,5.944414146698395,1.1754945961273722
2100-10-01,1.7339513474151973,1.848308939162697,1.1255781725574832,1.4882240329926621,0.4621809350960655,3.379171126238982,0.4604792993432601,0.45181082475509715,0.7435638940446733,1.0195344744913424,1.7749616839956186,1.9538958920600376,1.9431992014868802,2.4043672187260863,2.2103918141386343,0.3730003139979149
2100-11-01,0.0,0.0,0.0,0.0,1.5755447683935233e-07,0.0,0.0,0.0027819651655978,3.1623085381203544e-05,0.0,0.0,0.0,0.0,0.0,0.0,0.0
2100-12-01,0.0,0.0,0.0,0.0,0.0,0.0,0.0,0.0,0.0,0.0,0.0,0.0,0.0,0.0,0.0,0.0
